Area,Baths,Beds,Latitude,Longitude,Month,Year,Price,Prediction
114.0,3.0,3.0,-12.0987043,-77.0112254,2.0,2020.0,201894.0,178104.39505797785
260.0,3.0,4.0,-12.0206398599,-77.0123695798,2.0,2020.0,113620.0,306942.3033605428
204.0,4.0,3.0,-12.116197349,-76.9939573683,3.0,2020.0,201020.0,308739.89877900155
90.0,2.0,1.0,-12.121530400000001,-77.0254882,1.0,2020.0,161690.0,133802.6328664672
153.0,4.0,5.0,-11.791384459000001,-77.1567358349,2.0,2020.0,187035.12600000002,173116.0124030378
76.0,4.0,3.0,-11.8265792,-77.0399184,1.0,2020.0,48070.0,99380.61302396862
62.0,1.0,2.0,-12.169707199999998,-76.9682925,2.0,2020.0,69920.0,71250.97959133417
90.0,3.0,6.0,-12.038413400000001,-76.9570091,2.0,2020.0,74290.0,147047.78263226955
138.0,3.0,3.0,-12.0831397196,-77.0515823364,1.0,2020.0,208219.312,212372.6266144522
60.0,2.0,1.0,-12.1268611,-77.0338868,1.0,2020.0,161690.0,102891.21301389631
170.0,2.0,3.0,-12.078802,-76.9948672,2.0,2020.0,131100.0,224226.49746593856
234.0,3.0,3.0,-12.0987043,-77.0112254,2.0,2020.0,329498.0,314132.45076739846
47.0,1.0,2.0,-12.022401,-76.973753,1.0,2020.0,34960.0,35759.61567283586
220.0,4.0,3.0,-11.9993797808,-77.00351508770001,1.0,2020.0,131100.0,293830.39318352623
82.0,2.0,3.0,-13.5299073,-71.9550162,2.0,2020.0,89148.0,76089.36445271737
80.0,2.0,3.0,-12.180385000000001,-76.9976901,3.0,2020.0,64015.0,112163.89617695512
125.0,3.0,3.0,-16.3928734,-71.5672952,2.0,2020.0,72542.0,127362.53293725336
140.0,3.0,2.0,-12.0753791,-77.05752109999999,3.0,2020.0,156883.0,250095.39033743984
180.0,4.0,6.0,-12.1022434,-76.9359918,2.0,2020.0,305900.0,198529.1703411034
162.0,3.0,4.0,-11.9385448,-77.0798302,2.0,2020.0,117990.0,200960.36444143346
79.0,3.0,3.0,-12.0817737,-77.0892369,3.0,2020.0,94392.0,136695.6764224356
67.0,2.0,3.0,-12.0602845655,-77.0492372254,2.0,2020.0,68216.988,78083.29485293187
159.0,2.0,5.0,-12.1822808428,-76.9653802828,2.0,2020.0,126730.0,169539.2561146172
180.0,2.0,3.0,-16.3950240233,-71.5569639048,2.0,2020.0,106628.0,138632.3431691055
57.0,2.0,2.0,-12.066937300000001,-77.047381,1.0,2020.0,69353.2,74582.13630765663
112.0,2.0,3.0,-12.1275516,-76.9677512,2.0,2020.0,174800.0,135831.50122293978
77.0,2.0,3.0,-16.409717,-71.530899,2.0,2020.0,55936.0,87396.91656047286
80.0,2.0,2.0,-12.025975599999999,-77.0156709,3.0,2020.0,91770.0,97493.95947726694
198.0,2.0,3.0,-12.0476067,-76.9993292,2.0,2020.0,221996.0,262148.1412847291
76.0,3.0,4.0,-6.774812,-79.875508,1.0,2020.0,34720.0,95092.73591174347
98.0,2.0,2.0,-12.1042394,-76.93748959999999,1.0,2020.0,114931.0,130128.74547457378
109.0,2.0,0.0,-13.5248562,-71.9470116,1.0,2020.0,144210.0,72670.14162231384
101.0,2.0,3.0,-5.160897616000001,-80.6318364796,2.0,2020.0,72542.0,71056.74024934178
250.0,3.0,6.0,-11.9550485722,-77.0450884631,2.0,2020.0,104880.0,233560.50977133884
85.0,2.0,3.0,-16.375098492,-71.5151688357,2.0,2020.0,57247.0,89825.10308919924
218.0,3.0,3.0,-16.375528865899998,-71.5438232712,2.0,2020.0,202768.0,168916.09824638203
90.0,3.0,4.0,-11.969261015499999,-77.010736506,3.0,2020.0,104880.0,128284.5719536544
120.0,2.0,2.0,-11.8729562846,-77.0290538677,2.0,2020.0,43700.0,128019.42432077706
200.0,5.0,4.0,-12.970555599999999,-76.50527779999999,2.0,2020.0,216752.0,310102.4934096611
78.0,2.0,2.0,-13.028433099999999,-76.48658370000001,2.0,2020.0,122360.0,145543.7617694722
107.0,2.0,2.0,-12.0852739,-77.05003459999999,1.0,2020.0,176560.236,148741.57941636854
106.0,3.0,3.0,-12.098476354,-76.9667269537,3.0,2020.0,187910.0,170232.6451224292
216.0,3.0,3.0,-12.101181,-77.0164135,2.0,2020.0,323380.0,306249.621679018
54.0,2.0,2.0,-12.130556,-77.00682509999999,2.0,2020.0,107502.0,75947.87668563424
125.0,3.0,4.0,-12.1279219,-76.9875224,2.0,2020.0,202549.5,171040.37524271314
71.0,1.0,2.0,-12.1149506,-77.0317728,1.0,2020.0,122360.0,78398.5818525301
38.0,1.0,1.0,-12.1374567,-77.02241690000001,1.0,2020.0,122360.0,69986.24163110186
75.0,2.0,3.0,-12.0705655,-77.0761646,3.0,2020.0,103044.6,98242.29983774232
165.0,3.0,3.0,-12.0740663,-77.08359279999999,1.0,2020.0,297160.0,251180.05275258998
180.0,3.0,4.0,-12.106597289100002,-76.9958482867,2.0,2020.0,218500.0,237179.07467077527
48.0,1.0,2.0,-12.1201983431,-77.0049770347,1.0,2020.0,63802.0,57285.42878775876
144.0,1.0,2.0,-5.1950519088,-80.6456766651,2.0,2020.0,48944.0,67354.87267627049
84.0,2.0,3.0,-12.0111311,-77.07548670000001,2.0,2020.0,83030.0,88918.48651470205
160.0,2.0,3.0,-11.932190499999999,-77.066537,2.0,2020.0,122360.0,191821.6228585134
66.0,2.0,3.0,-12.0147746354,-77.05722401130001,1.0,2020.0,75164.0,68431.63377191682
45.0,1.0,1.0,-12.091408300000001,-77.05851120000001,2.0,2020.0,89410.2,61733.32063804213
96.0,1.0,4.0,-12.1675125,-76.9201161,2.0,2020.0,37582.0,104450.9627326025
97.0,3.0,3.0,-16.4293443,-71.5356732,2.0,2020.0,83467.0,111841.54388847828
191.0,3.0,3.0,-12.3371993,-76.8264308,3.0,2020.0,240350.0,293080.93049297243
130.0,2.0,3.0,-12.1379404176,-76.9796503178,2.0,2020.0,174800.0,164505.47265343685
76.0,2.0,3.0,-12.1214625,-77.0002704,3.0,2020.0,104268.2,101468.87439518576
109.0,3.0,3.0,-12.0265341,-77.059117,2.0,2020.0,114420.584,160824.88142493227
200.0,1.0,2.0,-12.059542800000001,-77.05670079999999,2.0,2020.0,43700.0,262678.1289236846
175.0,4.0,3.0,-12.081868,-77.040371,1.0,2020.0,192280.0,278442.1893096202
115.0,2.0,3.0,-12.070148399999999,-77.0705699,2.0,2020.0,131100.0,140936.91803135822
79.0,3.0,3.0,-12.1163251,-77.00659940000001,2.0,2020.0,118864.0,124297.75465492692
70.0,2.0,3.0,-12.0831523,-77.09453520000001,3.0,2020.0,76038.0,95422.98913653982
90.0,2.0,2.0,-12.068967477000001,-77.077812954,2.0,2020.0,78660.0,122374.42374229914
128.0,3.0,4.0,-16.327982152,-71.5444157992,3.0,2020.0,91770.0,135554.51864136016
85.0,2.0,3.0,-16.434110399999998,-71.52194770000001,2.0,2020.0,76912.0,90366.76363845624
84.0,2.0,3.0,-12.0032563,-76.9179994,3.0,2020.0,74290.0,88430.00675485388
160.0,3.0,3.0,-12.2020043,-77.0060959,2.0,2020.0,201020.0,265152.4464001905
67.0,2.0,3.0,-12.0863435,-77.0836506,2.0,2020.0,65550.0,83896.47930280381
116.0,2.0,4.0,-12.1183709,-77.0236208,1.0,2020.0,227240.0,137863.7239304641
110.0,2.0,3.0,-18.0253439895,-70.2431113207,1.0,2020.0,55062.0,106031.84528363448
160.0,3.0,3.0,-12.127798406300002,-76.97512493970001,2.0,2020.0,216752.0,253359.75173945515
70.0,4.0,3.0,-12.113363,-76.9858017,1.0,2020.0,410780.0,143094.21452688635
165.0,2.0,3.0,-11.943875231199998,-77.05990481149999,2.0,2020.0,78223.0,201990.2668225619
200.0,4.0,3.0,-12.1138482,-77.03128840000001,1.0,2020.0,340860.0,299584.3382435688
187.0,4.0,3.0,-16.3725959,-71.5445,1.0,2020.0,183540.0,181117.50439262827
233.0,3.0,3.0,-12.120483300000002,-76.986338,3.0,2020.0,369702.0,313233.94296048774
160.0,4.0,4.0,-12.042978,-76.9276285,2.0,2020.0,279680.0,228965.21100778753
90.0,3.0,3.0,-12.0943761475,-77.07782506939999,2.0,2020.0,152950.0,143968.68309583256
80.0,2.0,5.0,-11.9917238,-77.01398409999999,2.0,2020.0,109250.0,113660.68209553466
256.0,4.0,5.0,-16.4088184,-71.54523640000001,2.0,2020.0,363584.0,170006.9748249721
176.0,1.0,0.0,-8.0655646,-79.02565809999999,3.0,2020.0,56810.0,117157.71964957114
78.0,2.0,3.0,-12.070269308,-77.061341219,1.0,2020.0,106967.763,92467.47688663364
119.0,3.0,3.0,-12.0889201,-76.99489240000001,1.0,2020.0,183365.0,179318.37115453018
85.0,4.0,4.0,-12.087316035399999,-77.047231173,3.0,2020.0,393300.0,167002.05478209423
70.0,2.0,1.0,-12.098747261199998,-77.0300220654,2.0,2020.0,103132.0,116471.82871587636
120.0,3.0,2.0,-12.1185671,-77.0257558,2.0,2020.0,201020.0,221168.9968218581
59.0,1.0,1.0,-12.081190699999999,-77.0693551,2.0,2020.0,79219.36,76384.8534593107
63.0,2.0,2.0,-12.083851383099999,-77.0965450378,1.0,2020.0,65987.0,89681.36645445047
88.0,2.0,2.0,-12.103663699999998,-76.9678037,2.0,2020.0,126730.0,114523.53944031309
142.0,2.0,2.0,-12.1289163,-77.03224959999999,2.0,2020.0,244720.0,221636.3694633775
68.0,2.0,1.0,-12.385914900000001,-76.7831851,2.0,2020.0,80115.21,143722.40905288936
90.0,3.0,4.0,-12.0452944248,-76.9853844721,1.0,2020.0,174800.0,122180.04938964336
80.0,3.0,0.0,-12.147829511500001,-76.968085796,2.0,2020.0,117990.0,161686.0458538707
79.0,3.0,2.0,-12.128343600000001,-76.97651570000001,3.0,2020.0,121486.0,152429.70132879497
150.0,3.0,3.0,-12.1284622,-76.9701346,2.0,2020.0,238358.15399999998,238208.35510739803
131.0,2.0,3.0,-11.8573965,-77.0424692,2.0,2020.0,42826.0,122843.28419528579
72.0,2.0,3.0,-12.083530720599999,-77.07910466930001,3.0,2020.0,81970.882,96798.41056231476
66.0,2.0,3.0,-12.0577180975,-77.0562005877,2.0,2020.0,131100.0,76960.22795544837
120.0,2.0,3.0,-11.8531119,-77.0491143,3.0,2020.0,61092.6,121417.04397541903
230.0,3.0,3.0,-12.1150336,-76.9824753,3.0,2020.0,419520.0,311408.2907550561
158.0,4.0,4.0,-12.0933405,-76.9945203,2.0,2020.0,252586.0,240940.51523180451
133.0,3.0,3.0,-12.1196767,-76.9693468,2.0,2020.0,227240.0,209210.16881419157
110.0,2.0,2.0,-12.119347300000001,-77.0153436,2.0,2020.0,183540.0,161278.0762521144
92.0,3.0,2.0,-12.090989800000001,-77.06512059999999,2.0,2020.0,161690.0,171320.1742757985
158.0,2.0,3.0,-12.0031234,-77.0567061,1.0,2020.0,131100.0,193789.88637476845
60.0,3.0,3.0,-11.9703067496,-77.0893366482,2.0,2020.0,56810.0,74664.63615500183
94.0,1.0,2.0,-12.1332778,-77.0195463,2.0,2020.0,96140.0,100390.4068585295
121.0,2.0,2.0,-12.1139899,-77.03321740000001,1.0,2020.0,166060.0,173796.8978584281
54.0,1.0,1.0,-12.0233963,-77.0803261,3.0,2020.0,34960.0,61697.677571340086
171.0,2.0,2.0,-12.1416088,-76.9918155,2.0,2020.0,256082.0,261717.4531374426
175.0,2.0,4.0,-12.1055018,-77.0166593,2.0,2020.0,314640.0,198677.655465241
143.0,2.0,2.0,-16.6234706,-72.70781600000001,3.0,2020.0,112090.5,150976.1484927919
76.0,2.0,3.0,-12.081042908699999,-77.0694495314,2.0,2020.0,111627.28,91681.14352080351
100.0,3.0,3.0,-8.110431,-79.04543690000001,2.0,2020.0,65550.0,97968.71599446717
38.0,1.0,1.0,-12.022513400000001,-77.0299522,1.0,2020.0,33212.0,45839.85398982937
158.0,1.0,2.0,-5.188467500000001,-80.6436228,3.0,2020.0,131100.0,69729.1206802228
135.0,2.0,3.0,-13.8070249126,-76.2466582711,2.0,2020.0,201020.0,204319.29025154028
45.0,1.0,1.0,-12.1409621,-77.0199203,1.0,2020.0,91770.0,77161.87569736449
149.0,3.0,3.0,-11.9989290847,-77.0651046023,2.0,2020.0,109250.0,225351.39682555376
99.0,3.0,3.0,-16.3833313847,-71.5495365671,3.0,2020.0,209760.0,109167.354502713
60.0,2.0,2.0,-12.137383900000001,-77.0223168,1.0,2020.0,175761.4,92363.4376067773
240.0,1.0,3.0,-12.1990036,-77.0056713,2.0,2020.0,148580.0,289751.9167083996
95.0,3.0,3.0,-12.0705420906,-77.0552901555,1.0,2020.0,144210.0,144688.34116566804
113.0,4.0,4.0,-5.1934654,-80.6339916,1.0,2020.0,174800.0,123671.72422324626
90.0,2.0,3.0,-11.9434213909,-77.0771396207,1.0,2020.0,73853.0,81685.94280363109
124.0,3.0,3.0,-12.127248599100001,-77.0309236164,2.0,2020.0,276446.2,202742.66643058485
87.0,2.0,3.0,-12.1070224,-76.93896009999999,1.0,2020.0,100510.0,102835.84438198843
213.0,3.0,4.0,-12.133643183699999,-76.9828542254,2.0,2020.0,260307.79,276884.0590377605
80.0,1.0,2.0,-5.1890459,-80.6417097,2.0,2020.0,69920.0,55195.46230173884
128.0,2.0,3.0,-12.113825033800001,-76.9870517547,2.0,2020.0,231610.0,159069.4446737317
148.0,4.0,4.0,-16.383612014100002,-71.550439705,2.0,2020.0,279680.0,157662.75849720556
85.0,2.0,2.0,-12.0849617,-77.05107640000001,1.0,2020.0,152950.0,116543.55193940984
90.0,2.0,3.0,-12.133318835599999,-76.9395918495,1.0,2020.0,65550.0,110572.04783056033
112.0,2.0,3.0,-13.5266067378,-71.964202014,3.0,2020.0,122360.0,80947.76779838194
97.0,2.0,3.0,-8.102267,-79.0488875,1.0,2020.0,70794.0,79676.5423102217
165.0,1.0,3.0,-12.0763416115,-77.0367231381,1.0,2020.0,349600.0,174159.1121896999
86.0,4.0,4.0,-12.1197986237,-77.0135359233,2.0,2020.0,406410.0,153771.2778919614
60.0,1.0,2.0,-12.1384209205,-77.001018199,3.0,2020.0,69920.0,70464.54013827835
60.0,1.0,0.0,-11.9715602083,-77.06881152220001,1.0,2020.0,74202.6,71526.91045357169
141.0,1.0,0.0,-18.012476785,-70.2474525951,2.0,2020.0,180044.0,119088.77268745752
164.0,5.0,1.0,-12.1235754,-77.02511659999999,2.0,2020.0,274436.0,268838.6137268209
89.0,2.0,3.0,-12.071119900000001,-77.0551007,3.0,2020.0,117990.0,114362.08593683058
101.0,3.0,3.0,-12.111061999999999,-77.03159129999999,2.0,2020.0,198398.0,160467.94507773686
230.0,3.0,4.0,-12.0821711,-76.9033436,3.0,2020.0,367080.0,275328.42272634007
72.0,2.0,3.0,-12.0711992,-77.0615973,1.0,2020.0,94497.424,85995.46496912657
72.0,2.0,3.0,-12.0699121,-77.052334,3.0,2020.0,107065.0,93199.05661601145
96.0,2.0,3.0,-12.141494400000001,-77.0171071,2.0,2020.0,109250.0,120531.73183746389
72.0,2.0,2.0,-12.081436749100002,-76.9680258852,1.0,2020.0,109250.0,91350.71996120233
60.0,2.0,2.0,-12.0826465,-77.103933,1.0,2020.0,113620.0,86055.17099095779
160.0,3.0,3.0,-12.127472599999999,-77.032381,1.0,2020.0,314640.0,247384.0908256999
246.0,5.0,5.0,-12.3860968,-76.7830232,3.0,2020.0,397755.652,301106.8720480538
107.0,2.0,3.0,-16.3941792397,-71.5502626373,2.0,2020.0,111872.0,99630.3399957543
80.0,2.0,3.0,-12.072693,-77.0430385,1.0,2020.0,104880.0,94241.3113814267
66.0,1.0,1.0,-12.145128,-76.9922043,2.0,2020.0,63802.0,92283.17367025928
59.0,2.0,3.0,-11.9845785908,-76.8228304412,3.0,2020.0,52440.0,56278.80314631933
160.0,5.0,6.0,-12.164290199999998,-76.9650948,2.0,2020.0,218500.0,206613.97003825847
125.0,3.0,2.0,-12.113203599999999,-77.0323026,1.0,2020.0,188376.832,210437.170846437
91.0,2.0,3.0,-12.066032199999999,-77.0457859,2.0,2020.0,114619.4,105192.9219827321
61.0,1.0,2.0,-16.4243476713,-71.5157953369,1.0,2020.0,56810.0,73711.04387908612
89.0,3.0,3.0,-12.1163251,-77.00659940000001,3.0,2020.0,141588.0,150084.14426348088
62.0,2.0,3.0,-12.05528,-76.97942459999999,3.0,2020.0,40145.0,76830.34880464505
80.0,3.0,4.0,-12.092164361199998,-77.0787192627,3.0,2020.0,44268.0,137973.9238415321
50.0,1.0,3.0,-16.380722400000003,-71.50685809999999,1.0,2020.0,41078.0,74709.49245926848
88.0,3.0,3.0,-16.427314300000003,-71.5758449222,2.0,2020.0,83030.0,107557.81823190814
119.0,2.0,4.0,-12.385914900000001,-76.7831851,2.0,2020.0,165186.0,145110.12587827744
190.0,1.0,2.0,-12.072203,-76.99059240000001,2.0,2020.0,231610.0,244884.12353674445
160.0,1.0,3.0,-11.830913671900001,-77.1143606106,2.0,2020.0,40204.0,137403.86036928842
114.0,1.0,3.0,-11.9991633,-77.0971261,2.0,2020.0,61180.0,100034.424015775
91.0,3.0,3.0,-12.1336965698,-76.99232512260001,2.0,2020.0,129352.0,144189.16684552343
103.0,2.0,3.0,-12.0930052,-76.9479117,1.0,2020.0,183540.0,119984.71863266666
100.0,2.0,3.0,-12.0063637,-77.05238100000001,2.0,2020.0,74290.0,106850.42310509484
120.0,4.0,6.0,-6.777771,-79.884152,1.0,2020.0,69920.0,143046.90600135937
111.0,2.0,3.0,-12.024745699999999,-76.9434208,2.0,2020.0,74290.0,117008.86943180657
126.0,2.0,2.0,-12.111061999999999,-77.03159129999999,2.0,2020.0,283907.538,190865.1416818992
169.0,4.0,4.0,-12.1944807724,-77.0061050585,3.0,2020.0,179170.0,265063.030815444
113.0,3.0,3.0,-12.0987043,-77.0112254,2.0,2020.0,197524.0,176375.20439729007
210.0,4.0,4.0,-12.1306257,-77.00172579999999,3.0,2020.0,319010.0,292034.27620213764
54.0,2.0,1.0,-12.0375599,-77.07871709999999,3.0,2020.0,69920.0,94217.65601189193
250.0,4.0,4.0,-8.1019482,-79.02989670000001,2.0,2020.0,336490.0,165637.4724618874
101.0,3.0,3.0,-12.111061999999999,-77.03159129999999,2.0,2020.0,215878.0,160467.94507773686
115.0,4.0,5.0,-11.9681412,-76.9935033,2.0,2020.0,174800.0,154344.7851280675
166.0,2.0,6.0,-11.9940576,-76.82668609999999,2.0,2020.0,111872.0,162519.5512015066
70.0,2.0,3.0,-12.180201199999999,-77.0049786,2.0,2020.0,51646.0,96555.95728815094
71.0,5.0,0.0,-12.0679761,-77.0476698,3.0,2020.0,111872.0,188378.96882480735
120.0,3.0,3.0,-12.0996534,-76.9735961,2.0,2020.0,279680.0,184113.71293871183
160.0,3.0,5.0,-12.0414599,-76.92968640000001,2.0,2020.0,227240.0,178907.9506439168
95.0,2.0,3.0,-12.083007,-77.0193142,1.0,2020.0,126730.0,112765.86249283413
140.0,4.0,3.0,-16.4056565,-71.543463,2.0,2020.0,148580.0,151600.16245689147
126.0,3.0,4.0,-6.784181200000001,-79.8525133,3.0,2020.0,96140.0,115507.8151839876
108.0,5.0,5.0,-16.3848010789,-71.5377846132,3.0,2020.0,253460.0,159184.71923498032
57.0,1.0,2.0,-12.115988,-76.940652,2.0,2020.0,59432.0,58117.29821029825
128.0,3.0,3.0,-12.104149019300001,-77.0153949704,2.0,2020.0,266570.0,203831.59500729403
200.0,2.0,3.0,-11.796659573900001,-77.1769946783,3.0,2020.0,85652.0,233541.1357044697
79.0,2.0,3.0,-12.068448110899999,-77.04768140739999,1.0,2020.0,101729.6,92546.00328625951
100.0,2.0,3.0,-12.171437212,-77.0121611064,2.0,2020.0,97888.0,128899.27159777476
64.0,2.0,2.0,-11.9966032,-77.0819209,3.0,2020.0,56810.0,73877.63154945857
182.0,4.0,4.0,-12.121647300000001,-77.0128668,1.0,2020.0,375820.0,268532.47871579014
57.0,1.0,2.0,-12.0898508118,-77.0721080955,1.0,2020.0,34960.0,61980.00678883324
170.0,3.0,5.0,-18.0166656525,-70.2521450718,1.0,2020.0,170430.0,161233.2462030758
91.0,2.0,3.0,-12.1633617,-76.9864502,2.0,2020.0,122360.0,115348.67311531736
174.0,3.0,5.0,-6.864350984800001,-79.8189920289,1.0,2020.0,71668.0,143085.79748767306
68.0,2.0,3.0,-12.0610399907,-77.0493230561,2.0,2020.0,67580.31,79191.43151345759
113.0,3.0,3.0,-12.0987043,-77.0112254,2.0,2020.0,198398.0,176375.20439729007
153.0,4.0,6.0,-11.8977758,-77.0358918,3.0,2020.0,87400.0,196095.07646899583
107.0,2.0,4.0,-12.075581300000001,-76.9506077,1.0,2020.0,144210.0,123877.97585642916
214.0,4.0,3.0,-12.112992599999998,-76.9854942,2.0,2020.0,394348.8,311602.9030359733
235.0,2.0,3.0,-12.324323039400001,-76.8369639027,2.0,2020.0,243846.0,304598.45664861257
92.0,2.0,2.0,-12.0518148,-77.0414844,1.0,2020.0,50692.0,118505.32843537605
73.0,2.0,2.0,-12.084433,-77.09900040000001,3.0,2020.0,66948.4,107078.97066433907
61.0,4.0,5.0,-12.079109800000001,-77.0199305,3.0,2020.0,139840.0,141290.00758812745
80.0,2.0,2.0,-6.7823216,-79.852177,2.0,2020.0,55499.0,63370.5139287168
234.0,2.0,3.0,-12.080724204000001,-77.05084291899999,1.0,2020.0,209760.0,296921.0524581155
144.0,3.0,5.0,-16.381007,-71.5516981,1.0,2020.0,205390.0,154978.65849465723
136.0,2.0,3.0,-12.113825033800001,-76.9870517547,2.0,2020.0,231610.0,171681.602648499
99.0,4.0,5.0,-16.3721197242,-71.5574999878,2.0,2020.0,152950.0,149696.4681196508
128.0,3.0,3.0,-12.388898800000002,-76.78171999999999,2.0,2020.0,166060.0,208932.30604947003
98.0,2.0,3.0,-12.1072156627,-77.0073007439,3.0,2020.0,171304.0,127292.84895625568
160.0,4.0,4.0,-12.0954012,-77.0472348,2.0,2020.0,419520.0,249434.74097749876
173.0,3.0,6.0,-12.0799405,-77.0140439,2.0,2020.0,262200.0,182354.047312274
85.0,2.0,0.0,-12.0286382,-76.9377997,2.0,2020.0,67298.0,126526.3261801972
170.0,3.0,4.0,-16.3538823,-71.5417877,2.0,2020.0,100510.0,154342.2163308529
86.0,2.0,3.0,-12.066937300000001,-77.047381,1.0,2020.0,103443.9,100430.92914652338
52.0,1.0,1.0,-12.0790757217,-77.0330964439,2.0,2020.0,53876.543,64813.16181793749
134.0,1.0,1.0,-8.0977053,-79.1093372,2.0,2020.0,52440.0,79448.7770029972
85.0,1.0,2.0,-12.020745199999999,-77.00789520000001,3.0,2020.0,75164.0,76280.6975504092
89.0,2.0,3.0,-12.0747954,-77.1008502,2.0,2020.0,126730.0,107736.38233716629
120.0,2.0,3.0,-12.07874,-77.0307361,2.0,2020.0,106530.725,146099.80187912242
90.0,1.0,1.0,-12.111061999999999,-77.03159129999999,2.0,2020.0,220899.13,119835.14624232284
137.0,3.0,2.0,-12.115015099999999,-77.03627970000001,2.0,2020.0,253460.0,246169.3753271049
135.0,1.0,3.0,-12.0212257,-76.96903940000001,2.0,2020.0,87400.0,119987.50122754599
113.0,3.0,3.0,-12.0987043,-77.0112254,2.0,2020.0,194902.0,176375.20439729007
65.0,2.0,1.0,-12.385914900000001,-76.7831851,2.0,2020.0,77259.852,140396.15790076175
73.0,3.0,3.0,-12.057053,-77.0516834,2.0,2020.0,65550.0,107742.20051219789
130.0,2.0,3.0,-12.1262061927,-76.993581886,3.0,2020.0,197524.0,174675.42922802668
87.0,3.0,3.0,-12.0859885,-76.89821359999999,2.0,2020.0,221122.0,121281.63487328697
200.0,4.0,4.0,-13.8357633,-76.2467879,1.0,2020.0,157320.0,262912.60772175365
188.0,4.0,3.0,-12.1136877,-76.9774856,3.0,2020.0,187910.0,299785.7794904987
121.0,3.0,3.0,-12.113883,-76.9781438,2.0,2020.0,150818.47199999998,188858.5459419908
97.0,2.0,3.0,-12.0491323,-77.0618763,1.0,2020.0,74290.0,111758.44841724669
62.0,3.0,5.0,-12.028067721300001,-77.033872261,3.0,2020.0,170430.0,121926.17244724864
75.0,2.0,3.0,-12.168494500000001,-76.990064,3.0,2020.0,92906.2,105062.71435530986
108.0,2.0,3.0,-12.387171,-76.78225,2.0,2020.0,146832.0,140401.82095077977
191.0,4.0,5.0,-12.3860968,-76.7830232,3.0,2020.0,314229.22,243362.08301062346
96.0,1.0,2.0,-16.3753079,-71.5233586,2.0,2020.0,55062.0,77846.89092599449
120.0,2.0,3.0,-12.1086975072,-76.9528946149,2.0,2020.0,144210.0,143226.68286613675
90.0,2.0,2.0,-12.1168176,-77.0323796,2.0,2020.0,227240.0,127443.36021479548
115.0,3.0,3.0,-12.082313300000001,-76.9779875,2.0,2020.0,173052.0,172874.35514821942
168.0,1.0,3.0,-12.084433,-77.09900040000001,2.0,2020.0,270940.0,188123.09234587342
111.0,3.0,4.0,-12.127850599999999,-77.0242757,2.0,2020.0,201020.0,158813.88367389355
126.0,3.0,2.0,-12.1222864806,-77.0240520942,1.0,2020.0,192669.96,212811.64348263876
250.0,3.0,4.0,-12.1320028669,-77.0043929555,1.0,2020.0,423890.0,306596.3908172111
140.0,2.0,3.0,-11.999475498099999,-77.0034272025,3.0,2020.0,103132.0,174766.87987567624
133.0,2.0,4.0,-12.1391961445,-76.98508931479999,3.0,2020.0,192280.0,167131.793799403
113.0,3.0,3.0,-12.144227,-76.98409740000001,2.0,2020.0,227240.0,180982.55237503914
87.0,2.0,3.0,-8.0973446,-79.0323059,1.0,2020.0,75164.0,73675.99345274182
94.0,2.0,3.0,-16.3908846,-71.56386429999999,2.0,2020.0,69920.0,93973.66836500543
122.0,3.0,5.0,-12.3003201845,-76.8535146955,2.0,2020.0,104880.0,163921.99783491716
115.0,2.0,2.0,-12.094235699999999,-77.0499251,3.0,2020.0,213588.12,176665.56911818802
100.0,3.0,3.0,-12.0996197776,-77.0622830791,2.0,2020.0,183452.6,160096.80581751608
55.0,2.0,2.0,-12.0826106,-77.1035957,2.0,2020.0,75164.0,74274.59145201469
130.0,3.0,3.0,-12.0992473649,-77.0623152656,2.0,2020.0,200932.6,212240.61022030178
90.0,2.0,2.0,-12.115886199999998,-77.0357963,2.0,2020.0,231610.0,127630.49608837199
123.0,2.0,4.0,-12.385914900000001,-76.7831851,2.0,2020.0,183540.0,147959.0923120904
103.0,4.0,4.0,-12.3908159,-76.7802047,2.0,2020.0,192280.0,179968.7464210393
76.0,2.0,2.0,-12.1436699,-77.0219036,1.0,2020.0,188339.134,114482.04173639709
81.0,3.0,3.0,-12.1559665323,-77.0218821554,2.0,2020.0,113620.0,135538.41123412404
90.0,2.0,3.0,-12.168309851199998,-76.94611554789999,2.0,2020.0,43700.0,112477.25246335259
173.0,2.0,3.0,-12.3900463,-76.7779916,2.0,2020.0,188631.05,229733.73014650602
171.0,5.0,6.0,-16.376543268699997,-71.5601640555,3.0,2020.0,74290.0,167449.62880993012
124.0,5.0,4.0,-12.116182400000001,-76.9390767,3.0,2020.0,117990.0,231423.138837542
105.0,3.0,3.0,-11.976245800000001,-77.0791108,2.0,2020.0,139840.0,145183.76145000616
200.0,4.0,3.0,-12.0874226,-76.9088443,1.0,2020.0,332120.0,291234.2094811852
218.0,5.0,4.0,-12.071596068,-76.9786384757,2.0,2020.0,166060.0,308449.4158244345
82.0,3.0,3.0,-12.1360595,-77.00482159999999,2.0,2020.0,110998.0,132092.1067059496
145.0,4.0,0.0,-12.1018482,-76.97435440000001,3.0,2020.0,222870.0,234727.54984894398
89.0,2.0,3.0,-6.8044229000000005,-79.8942766,2.0,2020.0,58558.0,72967.47324255087
159.0,3.0,3.0,-12.1386057,-77.0251097,2.0,2020.0,358340.0,258600.893588437
146.0,3.0,3.0,-16.3839901979,-71.55741151689999,2.0,2020.0,181792.0,138316.73785918372
187.0,3.0,3.0,-12.130718314000001,-77.0140052841,3.0,2020.0,292790.0,286086.82216179
97.0,2.0,2.0,-12.1436699,-77.0219036,1.0,2020.0,186081.84,143514.5736702667
140.0,2.0,3.0,-12.362157353699999,-76.7982047302,2.0,2020.0,69920.0,180999.40388615004
88.0,2.0,2.0,-12.0710392,-77.0691605,2.0,2020.0,112746.0,118393.88572644441
120.0,4.0,5.0,-12.737158,-76.6300002,2.0,2020.0,161690.0,175754.10540556724
136.0,3.0,3.0,-5.1939950999999995,-80.62683249999999,2.0,2020.0,109250.0,104182.61901851531
56.0,2.0,2.0,-12.098336086500002,-77.0702807926,3.0,2020.0,118690.948,82280.12270461509
96.0,2.0,3.0,-16.4102933404,-71.52999777779999,2.0,2020.0,74290.0,94640.39789898436
108.0,4.0,4.0,-12.133994900000001,-77.0185247,2.0,2020.0,201020.0,182245.24497783306
46.0,1.0,2.0,-12.121683477000001,-77.0011236692,3.0,2020.0,81282.0,58166.70091482207
160.0,5.0,5.0,-11.9529209782,-77.0486505942,2.0,2020.0,133722.0,217728.55840542566
170.0,3.0,3.0,-16.4283012,-71.5319636,3.0,2020.0,91770.0,146099.738978154
120.0,2.0,2.0,-12.0758116543,-77.05424369020001,1.0,2020.0,129352.0,166880.9522128637
86.0,3.0,3.0,-12.0265341,-77.059117,2.0,2020.0,82420.822,121834.04339153843
160.0,2.0,6.0,-12.171461599999999,-76.9451743,2.0,2020.0,69920.0,166626.4639965754
65.0,2.0,3.0,-11.9971117524,-77.11387876,1.0,2020.0,56810.0,66197.97841924954
50.0,1.0,2.0,-16.3942194,-71.5108186,3.0,2020.0,36708.0,71293.90248316369
90.0,4.0,4.0,-16.3941663033,-71.5536103883,1.0,2020.0,214130.0,140000.8197922393
83.0,2.0,3.0,-12.094914300000001,-77.0752927,2.0,2020.0,91053.2,102028.97603944012
99.0,1.0,3.0,-12.0689541,-77.06802259999999,3.0,2020.0,124108.0,100511.12990823986
150.0,4.0,3.0,-6.4741291,-76.3665737,3.0,2020.0,113620.0,59870.26346550908
50.0,1.0,2.0,-12.126830819,-77.0294234425,2.0,2020.0,113620.0,58188.315368338604
265.0,5.0,3.0,-12.0819435,-76.9600303,1.0,2020.0,393300.0,314439.51158410555
220.0,4.0,5.0,-6.7448654063,-79.83106758550001,2.0,2020.0,100510.0,150075.5211252325
63.0,2.0,2.0,-12.081190699999999,-77.0693551,2.0,2020.0,88274.0,81820.31025273322
124.0,3.0,5.0,-13.415780400000001,-76.1575132,3.0,2020.0,91770.0,162558.06979243373
142.0,3.0,3.0,-12.1252856,-77.02604190000001,2.0,2020.0,209760.0,231815.43053653254
103.0,3.0,3.0,-16.4072807,-71.5653479,2.0,2020.0,96140.0,115272.03778241643
150.0,3.0,6.0,-11.970824,-76.9857334,2.0,2020.0,122272.6,166101.67540677905
162.0,2.0,5.0,-16.3917913605,-71.51266859020001,2.0,2020.0,157320.0,148090.39841467267
85.0,2.0,3.0,-12.087333500000002,-77.06413590000001,2.0,2020.0,117990.0,102524.35759100855
132.0,4.0,2.0,-12.1235754,-77.02511659999999,2.0,2020.0,251712.0,261124.744138423
156.0,3.0,4.0,-12.1450377,-76.9371635,3.0,2020.0,86526.0,217993.156391514
99.0,2.0,3.0,-12.1288893,-76.9764124,2.0,2020.0,170430.0,119814.62793132188
122.0,3.0,3.0,-16.3781369,-71.557744,2.0,2020.0,192280.0,125364.77647729809
122.0,2.0,3.0,-5.228486,-80.63802840000001,2.0,2020.0,74290.0,80174.98806363359
155.0,4.0,4.0,-5.1668624909,-80.6341563782,3.0,2020.0,117990.0,134531.83024757047
99.0,1.0,3.0,-12.094619999999999,-77.0761321,2.0,2020.0,122360.0,95968.39807682193
143.0,1.0,2.0,-11.859047280699999,-77.0869528903,1.0,2020.0,43700.0,125942.23735642423
113.0,3.0,3.0,-12.0987043,-77.0112254,2.0,2020.0,195776.0,176375.20439729007
131.0,4.0,4.0,-12.111061999999999,-77.03159129999999,2.0,2020.0,287546.0,210935.38119775217
153.0,5.0,4.0,-12.573303,-76.7108077,2.0,2020.0,253460.0,276794.5332538717
111.0,2.0,3.0,-12.0615991695,-76.93713485159999,1.0,2020.0,127604.0,123933.81338260729
100.0,2.0,3.0,-12.068381800000001,-76.96809470000001,2.0,2020.0,139840.0,111692.788660956
90.0,1.0,3.0,-12.225426800000001,-76.897649,2.0,2020.0,51566.0,93849.53746311614
112.0,2.0,4.0,-13.525384099999998,-71.9453208,2.0,2020.0,130226.0,89488.58466820471
211.0,4.0,4.0,-16.4502584,-71.5374375,3.0,2020.0,139840.0,166958.5050824738
95.0,2.0,3.0,-12.111629836099999,-77.0469206572,2.0,2020.0,220248.0,117258.25579249044
84.0,1.0,3.0,-12.1632002786,-76.9519055201,3.0,2020.0,56810.0,90172.64336107133
119.0,3.0,3.0,-12.0889201,-76.99489240000001,1.0,2020.0,190960.0,179318.37115453018
109.0,3.0,3.0,-12.0884422,-77.0625252,2.0,2020.0,157320.0,173626.0805523034
176.0,1.0,2.0,-8.1729333,-79.00634790000001,2.0,2020.0,39330.0,97115.73994467636
197.0,3.0,3.0,-12.059071300000001,-77.0575059,1.0,2020.0,87400.0,281638.7070519179
73.0,2.0,2.0,-12.132048839200001,-77.02089745239999,3.0,2020.0,144210.0,107902.40325913909
88.0,1.0,1.0,-12.118921,-77.033686,1.0,2020.0,218500.0,114513.4617511787
102.0,2.0,2.0,-11.9435605,-77.08615859999999,2.0,2020.0,74290.0,116664.10543635755
126.0,5.0,3.0,-12.1094493045,-76.9837485,1.0,2020.0,297160.0,244821.46612232574
100.0,2.0,2.0,-12.3849381,-76.77046419999999,2.0,2020.0,201020.0,154953.0524843755
70.0,2.0,5.0,-12.0243660413,-76.9778212376,3.0,2020.0,69483.0,110404.80730732888
62.0,1.0,3.0,-12.016314900000001,-76.8890266,2.0,2020.0,42826.0,53991.06787556823
85.0,1.0,2.0,-12.0628553,-77.0422043,2.0,2020.0,54188.0,79012.31786879938
85.0,2.0,3.0,-11.888618031099998,-77.04045462170001,3.0,2020.0,69920.0,76529.1195287303
256.0,4.0,3.0,-12.1321343647,-77.021665846,2.0,2020.0,326349.555,323545.48774411564
110.0,3.0,3.0,-12.1271394,-76.9927842,3.0,2020.0,196650.0,183684.2582058182
120.0,4.0,2.0,-12.3411728,-76.81648759999999,2.0,2020.0,266570.0,266287.4528950656
75.0,1.0,3.0,-12.0780868,-77.05826409999999,3.0,2020.0,78223.0,79708.13276610753
66.0,3.0,2.0,-12.0902781,-77.0826901,1.0,2020.0,74761.274,122700.5078003853
65.0,3.0,2.0,-8.1218685,-79.0402438,2.0,2020.0,96140.0,72726.78704761346
60.0,1.0,2.0,-14.0428920041,-75.7658888086,3.0,2020.0,42826.0,93029.41597675919
78.0,2.0,3.0,-12.0681017,-77.10274009999999,3.0,2020.0,100510.0,103321.67673091573
160.0,2.0,3.0,-12.0734331144,-76.9770837587,1.0,2020.0,207138.0,200028.22864313077
71.0,1.0,2.0,-11.9879601772,-77.0754746033,2.0,2020.0,62928.0,51441.67176111367
179.0,5.0,3.0,-12.112229199999998,-76.97942990000001,2.0,2020.0,305900.0,298759.18463021424
70.0,2.0,3.0,-13.531100894000001,-71.90023696770001,1.0,2020.0,91770.0,74978.22216820903
103.0,2.0,0.0,-12.003354701300001,-77.083514727,3.0,2020.0,131100.0,165919.05157856445
87.0,2.0,3.0,-12.1121839549,-76.996682316,3.0,2020.0,139840.0,112897.1614399222
193.0,3.0,6.0,-12.0323444,-77.0923383,2.0,2020.0,192280.0,197973.18184048473
89.0,2.0,3.0,-12.0111311,-77.07548670000001,2.0,2020.0,87400.0,95005.55595398441
64.0,1.0,1.0,-12.1380379,-76.9873104,2.0,2020.0,74290.0,87993.20198895803
90.0,2.0,3.0,-12.0838448,-77.0794202,2.0,2020.0,104006.0,109001.5940015403
120.0,4.0,3.0,-11.967734679100001,-77.081091681,1.0,2020.0,78660.0,195834.5568144405
127.0,2.0,3.0,-12.168494500000001,-76.990064,3.0,2020.0,152950.0,173908.61749291787
106.0,3.0,0.0,-8.1001531,-79.03521629999999,1.0,2020.0,126730.0,143293.82245298268
140.0,1.0,3.0,-12.2103191,-76.9401797,2.0,2020.0,96140.0,142269.22613841988
90.0,2.0,2.0,-12.0931617,-77.0417121,2.0,2020.0,166060.0,123546.42789510013
85.0,2.0,3.0,-11.9826137455,-77.0752722368,2.0,2020.0,65550.0,84703.50729951673
52.0,1.0,2.0,-12.364875099999999,-76.7945468,2.0,2020.0,74290.0,79479.06127010408
60.0,2.0,2.0,-12.0527222,-77.0668634,2.0,2020.0,65113.0,71379.31820354574
130.0,3.0,3.0,-12.0987043,-77.0112254,2.0,2020.0,230736.0,205812.93009002012
150.0,2.0,3.0,-12.1990036,-77.0056713,2.0,2020.0,61180.0,206547.3997824266
88.0,2.0,2.0,-12.121899800000001,-77.0407129,2.0,2020.0,113620.0,126027.13225100798
113.0,3.0,4.0,-12.0418824,-76.92629740000001,2.0,2020.0,85652.0,144771.03397705816
85.0,2.0,2.0,-12.0609849879,-77.0703310103,1.0,2020.0,61180.0,112769.20308209585
173.0,4.0,3.0,-12.1321750331,-77.0253339333,2.0,2020.0,358340.0,294269.0119114224
98.0,2.0,3.0,-5.1801457445,-80.6116567629,3.0,2020.0,91770.0,68035.9444896189
120.0,4.0,5.0,-11.9553722,-77.0836307,2.0,2020.0,157320.0,161807.703986637
165.0,3.0,5.0,-15.8570465926,-70.013975785,2.0,2020.0,173926.0,143843.96145431095
240.0,3.0,3.0,-12.120483300000002,-76.986338,3.0,2020.0,380190.0,316022.59375543974
110.0,2.0,3.0,-11.958516127000001,-77.097533645,3.0,2020.0,50692.0,130395.80941693172
90.0,2.0,2.0,-12.145358199999999,-77.0131205,2.0,2020.0,83030.0,130998.01006100576
79.0,2.0,1.0,-12.3860968,-76.7830232,3.0,2020.0,92881.728,163494.35287266053
101.0,2.0,3.0,-12.129151199999999,-77.0234315,1.0,2020.0,196650.0,128607.76377675089
200.0,2.0,4.0,-12.0236089932,-76.8931081946,3.0,2020.0,174800.0,224178.33360976592
95.0,2.0,2.0,-16.327398300000002,-71.5694859,3.0,2020.0,65550.0,84122.67233096407
76.0,3.0,4.0,-6.774812,-79.875508,1.0,2020.0,36890.0,95092.73591174347
150.0,2.0,4.0,-12.0314013,-77.02650799999999,2.0,2020.0,109250.0,165461.644096262
93.0,2.0,3.0,-12.086092593499998,-77.0702548622,2.0,2020.0,113620.0,112518.77347321209
136.0,2.0,3.0,-12.1416088,-76.9918155,2.0,2020.0,206264.0,175726.3057512817
115.0,4.0,4.0,-12.7981653,-76.5715802,2.0,2020.0,148580.0,193133.2170880256
80.0,1.0,1.0,-12.114263000000001,-76.999859,3.0,2020.0,94392.0,109502.80631838829
131.0,2.0,3.0,-12.354906699999999,-76.80757679999999,2.0,2020.0,139840.0,168865.76906285682
132.0,3.0,3.0,-12.3252664,-76.83506659999999,3.0,2020.0,174800.0,221235.3752533669
41.0,1.0,1.0,-12.1372647,-77.0218191,2.0,2020.0,107502.0,64955.808281131176
121.0,2.0,2.0,-12.1286905,-77.0323897,2.0,2020.0,270940.0,185056.0740549041
76.0,2.0,3.0,-12.0527222,-77.0668634,1.0,2020.0,112746.0,87119.3305198958
120.0,5.0,2.0,-11.8389731198,-77.0437821142,1.0,2020.0,174800.0,209294.79170927993
123.0,4.0,3.0,-12.130399,-77.03177600000001,1.0,2020.0,279680.0,227458.38185528258
91.0,1.0,3.0,-8.1264827,-79.04261159999999,2.0,2020.0,74290.0,62462.94704541679
78.0,2.0,3.0,-12.1181773,-77.0148882,2.0,2020.0,109250.0,96737.44088538973
57.0,5.0,3.0,-8.1415060192,-79.02824163439999,2.0,2020.0,201020.0,112156.53444210351
86.0,2.0,3.0,-12.1749778,-77.0144126,3.0,2020.0,144210.0,119774.49405753985
160.0,2.0,5.0,-17.6322482932,-71.3329976565,2.0,2020.0,87400.0,154525.24251976167
200.0,2.0,3.0,-9.5328357,-77.52109420000001,3.0,2020.0,146832.0,124081.36712555568
99.0,2.0,3.0,-12.063680900000001,-77.09746779999999,3.0,2020.0,101165.5,130702.72050392807
65.0,2.0,2.0,-12.0684061441,-77.0482822222,1.0,2020.0,80637.2,85168.52101229093
161.0,1.0,3.0,-11.9962077,-77.0646695,2.0,2020.0,218500.0,162157.82735753487
124.0,3.0,2.0,-12.106454600000001,-77.0329478,3.0,2020.0,305026.0,232783.07814799802
94.0,2.0,3.0,-12.0901624,-77.08073879999999,2.0,2020.0,104880.0,115171.67445485172
165.0,2.0,2.0,-12.115578,-77.003309,3.0,2020.0,187922.0,255324.2614902943
100.0,3.0,2.0,-16.4106321623,-71.5520453614,3.0,2020.0,87400.0,99957.6693783999
97.0,3.0,2.0,-12.0607883,-76.94400959999999,3.0,2020.0,156446.0,167574.6375051421
85.0,2.0,3.0,-13.5314096,-71.9631584,2.0,2020.0,124108.0,76627.3985937012
120.0,3.0,3.0,-12.1304407,-77.0221307,1.0,2020.0,214130.0,191149.759670828
76.0,2.0,3.0,-6.774722,-79.8745044,3.0,2020.0,45448.0,66270.00054827715
96.0,3.0,3.0,-12.135042599999998,-77.0084128,2.0,2020.0,152950.0,153967.94036845645
117.0,3.0,3.0,-12.091650300000001,-77.0005188,1.0,2020.0,182491.2,177389.15828749214
56.0,1.0,2.0,-12.0290139,-77.0374185,2.0,2020.0,48944.0,45003.764551301894
70.0,3.0,4.0,-16.3876397201,-71.5480449851,1.0,2020.0,126730.0,112080.64575597688
76.0,2.0,3.0,-12.1361186,-76.9755672,3.0,2020.0,68897.5,101762.02936038419
181.0,3.0,3.0,-12.062911300000001,-77.05754959999999,1.0,2020.0,250838.0,266158.1590101509
70.0,1.0,3.0,-12.156449,-76.9916621,3.0,2020.0,78660.0,81491.24935502256
173.0,5.0,4.0,-12.0971154943,-76.9761428479,1.0,2020.0,314500.16,275567.0571858934
77.0,2.0,3.0,-8.1040233,-79.00728829999998,2.0,2020.0,48070.0,68918.06874164256
56.0,2.0,2.0,-12.000955019300001,-77.0850411423,3.0,2020.0,36708.0,64173.40035629267
145.0,4.0,3.0,-12.105636099999998,-77.0355234,3.0,2020.0,416537.912,266670.7388232813
100.0,1.0,3.0,-12.108924,-77.0237166,1.0,2020.0,100510.0,97714.36810206836
127.0,4.0,4.0,-6.784155800000001,-79.85389690000001,3.0,2020.0,144210.0,130510.94222292415
116.0,5.0,5.0,-11.9005284,-77.067159,2.0,2020.0,104880.0,161395.83171195307
65.0,2.0,2.0,-12.11767,-77.0163496,3.0,2020.0,96999.0,93279.25732703035
40.0,1.0,1.0,-12.135848900000001,-77.0192368,9.0,2019.0,81282.0,130009.14935022761
90.0,1.0,2.0,-12.1190163,-76.9738713,3.0,2020.0,142462.0,95048.07584820445
35.0,1.0,0.0,-12.031563499999999,-77.0427339,2.0,2020.0,109250.0,64734.117102829216
78.0,2.0,2.0,-12.0633359,-76.9372618,2.0,2020.0,74290.0,87643.3568622155
78.0,2.0,3.0,-11.962084666900001,-77.0718101476,3.0,2020.0,72105.0,83578.67100077921
70.0,1.0,2.0,-12.103468099999999,-76.9416598,2.0,2020.0,78660.0,65931.94694275236
160.0,2.0,3.0,-12.0639357866,-77.06950098829999,2.0,2020.0,174800.0,214850.60438512365
107.0,2.0,2.0,-12.076509399999999,-77.05070140000001,1.0,2020.0,15732.0,146984.4793074788
185.0,3.0,3.0,-12.1160188,-76.9839748,3.0,2020.0,305900.0,280685.606954832
49.0,1.0,2.0,-12.0733521,-77.03011490000002,3.0,2020.0,61263.874,53593.63898256757
210.0,4.0,5.0,-5.1826309,-80.655697,2.0,2020.0,65550.0,148438.28338578317
100.0,2.0,2.0,-12.0371869,-76.96557490000001,3.0,2020.0,74290.0,127954.40822669158
78.0,1.0,4.0,-12.0890255,-77.0340059,1.0,2020.0,56810.0,90198.50968226219
112.0,2.0,3.0,-16.4248294483,-71.556160327,2.0,2020.0,109250.0,102434.33699349512
160.0,4.0,5.0,-12.102918100799998,-76.9348094454,2.0,2020.0,270940.0,202941.62746733837
103.0,3.0,3.0,-12.11767,-77.0163496,3.0,2020.0,169260.0,173605.22613829543
40.0,1.0,1.0,-12.119176199999998,-77.005964,2.0,2020.0,57684.0,58922.28195748353
87.0,3.0,4.0,-12.16920837,-77.0201809388,2.0,2020.0,174800.0,139491.05767080223
56.0,2.0,3.0,-12.177588314100001,-77.0042542759,2.0,2020.0,60306.0,84114.80744022396
167.0,3.0,3.0,-16.3767686,-71.5603595,3.0,2020.0,133853.1,144572.72643004428
62.0,1.0,2.0,-11.9360288,-77.0516233,1.0,2020.0,36708.0,33411.841626098874
69.0,2.0,0.0,-12.1264676,-77.0165066,2.0,2020.0,266570.0,130089.9390598011
120.0,2.0,3.0,-12.111873300000001,-76.9358927,2.0,2020.0,97888.0,142174.51787215556
258.0,3.0,4.0,-16.3918192661,-71.55192021090001,3.0,2020.0,305900.0,168209.6095368061
160.0,1.0,0.0,-11.983855529100001,-77.0139913141,1.0,2020.0,126730.0,170460.14180850354
80.0,2.0,3.0,-12.0837968,-77.04606329999999,2.0,2020.0,179170.0,95265.11804475842
55.0,2.0,3.0,-12.0469352,-77.0260738,2.0,2020.0,365332.0,64062.470716260636
79.0,2.0,3.0,-12.089018800000002,-77.083976,2.0,2020.0,106628.0,97034.0074582641
82.0,2.0,3.0,-12.030804489000001,-76.8837470317,2.0,2020.0,84778.0,80952.16048282222
83.0,1.0,2.0,-12.020745199999999,-77.00789520000001,3.0,2020.0,75164.0,74016.57748006226
78.0,2.0,3.0,-12.107453199999998,-77.0230269,2.0,2020.0,100510.0,95570.62837577572
244.0,3.0,4.0,-12.1228345,-76.98571159999999,2.0,2020.0,306690.97,302754.23732982343
117.0,3.0,3.0,-16.380680523800002,-71.5522051346,2.0,2020.0,109250.0,122533.57620260051
114.0,3.0,3.0,-12.0987043,-77.0112254,2.0,2020.0,206264.0,178104.39505797785
57.0,2.0,2.0,-12.0896913,-77.0720537,1.0,2020.0,109250.0,81502.1474570221
120.0,2.0,6.0,-11.9029760511,-77.0511776715,2.0,2020.0,104880.0,144248.109734168
209.0,3.0,6.0,-12.1081162246,-76.9707113443,3.0,2020.0,371450.0,224258.10522122442
166.0,2.0,2.0,-12.129283599999999,-77.0282207,2.0,2020.0,361224.2,256771.83064052527
60.0,2.0,2.0,-12.009910699999999,-77.0837907,2.0,2020.0,65550.0,63421.15743830388
170.0,3.0,3.0,-12.096748199999999,-76.9824045,1.0,2020.0,295412.0,251152.8829926786
160.0,3.0,6.0,-12.1601819,-76.9623728,2.0,2020.0,192280.0,175929.8705690958
120.0,4.0,0.0,-12.1649914,-76.9951728,2.0,2020.0,279680.0,222592.94530256704
67.0,2.0,3.0,-12.08006838,-76.9822858344,2.0,2020.0,87400.0,78759.31533091428
190.0,3.0,3.0,-6.7872919000000005,-79.83842790000001,3.0,2020.0,147706.0,134434.24373032185
145.0,3.0,5.0,-12.0950944,-77.0222393,2.0,2020.0,202768.0,176342.79960583244
118.0,2.0,3.0,-16.4225363987,-71.5125490704,1.0,2020.0,93081.0,108239.84750829142
148.0,3.0,4.0,-6.7725868,-79.9177583,3.0,2020.0,34720.0,126188.84786620637
87.0,3.0,3.0,-8.0959002,-79.0283645,2.0,2020.0,65550.0,90152.7524701641
79.0,3.0,2.0,-12.074129600000001,-77.09295949999999,2.0,2020.0,86526.0,146728.55775575642
70.0,3.0,5.0,-12.2023595669,-77.0219355846,3.0,2020.0,113620.0,140962.2180730794
135.0,3.0,3.0,-16.398187282000002,-71.5510857258,1.0,2020.0,100510.0,137027.52843628998
149.0,3.0,3.0,-15.8402218,-70.02188050000001,1.0,2020.0,179170.0,116207.82032327144
68.0,1.0,3.0,-12.0368695802,-77.0019879244,3.0,2020.0,62928.0,67940.05593897979
106.0,1.0,3.0,-12.1176117,-76.93425479999999,2.0,2020.0,69920.0,98709.18724210185
90.0,2.0,3.0,-6.8044229000000005,-79.8942766,2.0,2020.0,61180.0,73351.99306396133
160.0,1.0,3.0,-12.041457699999999,-76.9267928,1.0,2020.0,145695.8,152483.99810267927
204.0,1.0,1.0,-16.3325657,-71.5420705,2.0,2020.0,69920.0,135878.96302973694
200.0,5.0,5.0,-12.706255138,-76.6402838571,2.0,2020.0,314640.0,275765.1086839654
124.0,3.0,2.0,-12.135660531700001,-76.98044092020001,3.0,2020.0,179170.0,233621.0655606074
134.0,3.0,3.0,-12.1311519887,-76.9768107508,3.0,2020.0,169556.0,219499.4710517716
115.0,2.0,3.0,-16.378326933900002,-71.5449798567,1.0,2020.0,85652.0,106564.20860268279
72.0,2.0,3.0,-11.927995241300001,-77.0594198191,2.0,2020.0,47196.0,58735.97108384712
120.0,4.0,6.0,-5.1799541172,-80.60948733810001,2.0,2020.0,144210.0,138839.97441147437
94.0,2.0,3.0,-12.139185756400002,-76.9918613128,2.0,2020.0,97650.0,116140.40877938931
60.0,1.0,2.0,-14.0428920041,-75.7658968552,3.0,2020.0,42826.0,93029.68790424868
243.0,2.0,2.0,-12.3028795,-76.84831199999999,2.0,2020.0,183540.0,318762.0909285735
69.0,1.0,2.0,-12.0276966,-77.0096963,2.0,2020.0,56810.0,54220.80309384709
59.0,2.0,3.0,-12.228944699999998,-76.88830990000001,2.0,2020.0,50692.0,88580.03481698435
75.0,2.0,3.0,-12.1641286173,-76.9895343712,2.0,2020.0,83904.0,98677.45899534492
107.0,2.0,3.0,-12.1312961,-76.9824571,2.0,2020.0,161690.0,130772.08150899684
94.0,3.0,3.0,-12.1212112,-77.03707829999999,2.0,2020.0,169556.0,151279.1693062907
117.0,3.0,4.0,-11.9005343,-77.0357363,2.0,2020.0,76038.0,132847.8897507348
149.0,3.0,3.0,-12.1173596202,-77.01635553979999,2.0,2020.0,191406.0,240404.4077895315
150.0,4.0,3.0,-12.099808606400002,-77.0624922914,2.0,2020.0,296286.0,272275.2881910009
40.0,1.0,1.0,-12.0915435,-77.0828855,1.0,2020.0,62331.731,65365.26629629148
94.0,2.0,3.0,-12.084137400000001,-77.0428633,3.0,2020.0,135470.0,121851.89938256086
134.0,3.0,3.0,-12.0987043,-77.0112254,2.0,2020.0,234232.0,212624.1637095512
93.0,3.0,3.0,-12.0084685,-77.06337990000002,2.0,2020.0,131100.0,129828.82568298295
55.0,3.0,4.0,-16.3822048,-71.5344594,3.0,2020.0,131100.0,98337.4718976741
68.0,2.0,3.0,-12.0940765,-77.0702941,1.0,2020.0,100510.0,86381.67999074023
186.0,3.0,4.0,-12.1218593,-77.0205453,1.0,2020.0,218500.0,242199.42315076763
68.0,2.0,3.0,-12.05528,-76.97942459999999,2.0,2020.0,41230.0,75437.61836229212
75.0,2.0,3.0,-12.0778084,-77.03523220000001,2.0,2020.0,119738.0,88418.20086466653
119.0,2.0,3.0,-12.1266416,-77.0175382,1.0,2020.0,166060.0,152128.54539761294
62.0,2.0,3.0,-12.0175631,-76.8977416,2.0,2020.0,39060.0,60798.47021265741
253.0,4.0,3.0,-12.100451,-76.9924051,2.0,2020.0,358340.0,320673.77353020187
145.0,3.0,3.0,-12.130395768800001,-77.0138121651,3.0,2020.0,282302.0,238692.01191122332
70.0,1.0,0.0,-12.0796862,-77.05932309999999,3.0,2020.0,41952.0,127709.93205774957
160.0,3.0,6.0,-12.0246282103,-76.9992540955,3.0,2020.0,270940.0,189902.61859759814
70.0,2.0,3.0,-12.1430728,-77.01189570000001,2.0,2020.0,99636.0,92123.81681182038
153.0,5.0,4.0,-16.396712,-71.5579295,1.0,2020.0,279680.0,168315.79662131623
135.0,2.0,3.0,-11.862352296600001,-77.0595356006,2.0,2020.0,56810.0,132400.55200027148
101.0,1.0,3.0,-12.0600579087,-77.0689124469,1.0,2020.0,90022.0,93867.70870641392
78.0,1.0,1.0,-12.114263000000001,-76.999859,3.0,2020.0,100510.0,106459.40104412244
132.0,2.0,1.0,-12.1112296698,-77.0487245172,3.0,2020.0,270940.0,221899.49510304222
118.0,3.0,3.0,-12.169582199999999,-77.0107449,3.0,2020.0,110124.0,203956.80527190396
106.0,2.0,3.0,-12.071322300000002,-76.9810061,2.0,2020.0,87400.0,120753.86843733056
118.0,1.0,1.0,-11.9550235,-77.0525587,2.0,2020.0,25346.0,130832.06766441083
63.0,1.0,1.0,-12.0620871,-77.0749765,3.0,2020.0,52440.0,81658.09140080342
50.0,4.0,5.0,-12.0066593,-77.06471309999999,2.0,2020.0,113620.0,116060.27739328661
141.0,3.0,3.0,-16.4069015555,-71.54380758970001,3.0,2020.0,148580.0,132110.90935686248
55.0,1.0,0.0,-12.0842836745,-76.9731981826,3.0,2020.0,128915.0,99609.07379499581
121.0,3.0,3.0,-12.1367327,-77.0053093,1.0,2020.0,156446.0,192047.831307987
76.0,2.0,3.0,-12.0816011,-77.1050084,2.0,2020.0,69483.0,93644.37814640233
201.0,3.0,3.0,-12.3860968,-76.7830232,3.0,2020.0,329707.76,300832.09531627886
54.0,1.0,1.0,-8.0647013,-79.06148950000001,2.0,2020.0,18354.0,53345.84327224888
102.0,3.0,4.0,-12.0678097,-77.0694625,3.0,2020.0,139840.0,160772.39900858878
156.0,2.0,3.0,-12.120483300000002,-76.986338,3.0,2020.0,281428.0,212107.98082142207
120.0,3.0,4.0,-11.903490699999999,-77.04949859999999,2.0,2020.0,183540.0,137896.44878079038
138.0,2.0,1.0,-12.244437300000001,-76.9434208,2.0,2020.0,54188.0,231779.38279293588
120.0,3.0,2.0,-12.106454600000001,-77.0329478,3.0,2020.0,270940.0,226820.16926531598
67.0,2.0,3.0,-12.0606203103,-77.04928014069999,2.0,2020.0,67113.977,78142.5010039791
120.0,2.0,2.0,-11.8728302929,-77.0291826137,2.0,2020.0,48070.0,128008.57471022508
174.0,4.0,4.0,-12.1167526,-77.0136326,3.0,2020.0,196650.0,262697.86135495215
150.0,2.0,0.0,-12.117794,-77.0439475,3.0,2020.0,310270.0,224437.95230379107
87.0,2.0,3.0,-12.2069396,-77.0149854,2.0,2020.0,96140.0,117498.04222773592
105.0,1.0,2.0,-12.1285229103,-77.0336387962,2.0,2020.0,244720.0,115551.50576593274
66.0,2.0,3.0,-12.107727,-77.0224626,3.0,2020.0,91770.0,90413.12351982613
81.0,1.0,2.0,-12.1644115,-76.9666957,2.0,2020.0,56810.0,86936.88572265924
60.0,1.0,1.0,-12.1245465,-77.02828120000001,3.0,2020.0,113620.0,85876.89333421012
140.0,4.0,4.0,-12.1161186701,-76.9806125815,2.0,2020.0,152076.0,218272.661638038
119.0,2.0,3.0,-12.0622538,-77.0665705,3.0,2020.0,104880.0,157618.26663845126
90.0,3.0,3.0,-12.137660544600001,-77.0214646666,2.0,2020.0,164312.0,146166.53812293513
122.0,3.0,3.0,-12.089153900000001,-77.0702286,2.0,2020.0,131100.0,197594.18473117816
123.0,3.0,3.0,-12.1223616,-76.98534040000001,2.0,2020.0,192280.0,194593.56084342216
71.0,3.0,3.0,-5.228486,-80.63802840000001,2.0,2020.0,94392.0,72910.80736784618
124.0,3.0,3.0,-12.1259479097,-77.0309665317,2.0,2020.0,276446.2,202535.48790238996
234.0,4.0,6.0,-12.1857493,-77.0165039,2.0,2020.0,122360.0,246768.0976086725
100.0,3.0,3.0,-16.3817253334,-71.54849767729999,2.0,2020.0,227240.0,113067.39920168286
149.0,2.0,3.0,-12.1571937306,-76.97655708149999,1.0,2020.0,83904.0,195391.1000549207
92.0,2.0,3.0,-12.092948800000002,-76.9992882,2.0,2020.0,240350.0,107735.98447346443
90.0,3.0,3.0,-11.993085078699998,-77.0712804794,2.0,2020.0,74290.0,122347.09905676226
72.0,1.0,2.0,-11.992827199999999,-77.09745500000001,2.0,2020.0,61180.0,54628.39966883352
111.0,2.0,3.0,-12.061825933,-76.9370925476,1.0,2020.0,127604.0,123972.54182470821
68.0,1.0,2.0,-12.3900463,-76.7779916,2.0,2020.0,76722.342,89964.18625421365
107.0,3.0,3.0,-12.12518,-77.0093361,2.0,2020.0,131100.0,170585.38430890255
74.0,1.0,2.0,-12.066582499999999,-76.9469129,2.0,2020.0,131100.0,63065.45809476772
48.0,1.0,1.0,-12.0719464,-77.05810190000001,3.0,2020.0,66011.4,62432.360947784444
146.0,4.0,3.0,-16.4056565,-71.543463,2.0,2020.0,157320.0,154211.16801341466
120.0,2.0,3.0,-12.120483300000002,-76.986338,3.0,2020.0,229862.0,158336.1741019392
120.0,2.0,2.0,-12.095037300000001,-76.9678066,2.0,2020.0,122360.0,169153.87417375235
129.0,3.0,4.0,-6.784181200000001,-79.8525133,3.0,2020.0,96140.0,116990.64060311425
69.0,2.0,2.0,-12.387171,-76.78225,1.0,2020.0,52440.0,128333.33377185481
67.0,2.0,3.0,-12.0605783422,-77.04928014069999,2.0,2020.0,66581.459,78135.32380951298
138.0,3.0,5.0,-12.078680699999998,-77.0982637,3.0,2020.0,166060.0,193352.408603124
88.0,3.0,4.0,-12.3849381,-76.77046419999999,3.0,2020.0,175674.0,147700.83554447067
84.0,2.0,3.0,-12.0950942,-77.0742195,2.0,2020.0,91770.0,103159.1269652296
217.0,2.0,3.0,-6.771597099999999,-79.85904790000001,2.0,2020.0,157320.0,135767.14540378784
85.0,2.0,3.0,-12.0898393637,-76.9013532305,3.0,2020.0,100510.0,101585.57690446828
220.0,4.0,4.0,-12.0959325,-77.03258570000001,1.0,2020.0,319010.0,301626.3592090714
244.0,3.0,4.0,-12.1279219,-76.9875224,2.0,2020.0,308487.04,303174.7413008519
160.0,2.0,5.0,-11.8439965247,-77.0937567861,1.0,2020.0,100510.0,144361.94197308904
57.0,2.0,0.0,-12.0780329,-76.9913402,2.0,2020.0,86526.0,106957.53182952083
110.0,3.0,3.0,-12.109891000000001,-76.94440159999999,2.0,2020.0,113620.0,165609.1821812301
65.0,3.0,1.0,-12.1189114,-77.01346690000001,2.0,2020.0,260401.30800000002,140122.605117236
100.0,3.0,3.0,-16.4264335098,-71.5743213894,1.0,2020.0,120612.0,117841.78494999203
90.0,2.0,3.0,-12.0618632,-77.0785246,2.0,2020.0,83030.0,105383.22744883322
165.0,2.0,2.0,-12.3839766,-76.7800714,2.0,2020.0,166060.0,254471.3950715763
90.0,2.0,3.0,-16.3841475518,-71.5567384884,3.0,2020.0,87400.0,89864.8408584074
70.0,2.0,2.0,-11.9450422,-77.052503,2.0,2020.0,65550.0,60585.44213147827
149.0,3.0,3.0,-12.385914900000001,-76.7831851,2.0,2020.0,251228.678,240155.7092227522
95.0,2.0,3.0,-16.3887711,-71.5482853,2.0,2020.0,100510.0,94211.1136017688
71.0,1.0,2.0,-12.0801291,-77.05364420000001,2.0,2020.0,104880.0,68265.30690947094
114.0,3.0,3.0,-13.5236662398,-71.9485160772,1.0,2020.0,170430.0,97081.61488735201
99.0,2.0,3.0,-12.1712055,-76.9896876,2.0,2020.0,96140.0,126006.21624983172
260.0,3.0,4.0,-12.0830792867,-76.9775296274,2.0,2020.0,402040.0,309579.63350251084
152.0,3.0,3.0,-13.5295710648,-71.9503416582,2.0,2020.0,187910.0,113108.87508998351
100.0,2.0,5.0,-12.0627016,-77.07445390000001,2.0,2020.0,96140.0,134204.1695193619
67.0,2.0,3.0,-8.093537,-79.0451483,2.0,2020.0,48070.0,65409.04389735764
101.0,3.0,3.0,-12.8901391,-76.51204,2.0,2020.0,135470.0,177045.60400979116
200.0,3.0,4.0,-12.1537955237,-76.9672444518,2.0,2020.0,141588.0,262743.391222868
45.0,3.0,5.0,-12.027589599999999,-77.03738829999999,3.0,2020.0,69920.0,108378.42779137357
130.0,3.0,3.0,-12.1288893,-76.9764124,2.0,2020.0,173926.0,206483.8776433948
75.0,2.0,3.0,-13.5239592,-71.9688553,2.0,2020.0,60306.0,75054.26806629049
92.0,2.0,3.0,-16.4028545,-71.511121,1.0,2020.0,75164.0,95350.85573395333
144.0,3.0,5.0,-16.381007,-71.5516981,2.0,2020.0,205390.0,153304.47274498316
43.0,1.0,1.0,-11.9583944,-77.0733196,1.0,2020.0,56810.0,40960.96841924342
144.0,3.0,3.0,-12.0999911345,-77.0610990417,2.0,2020.0,227240.0,235183.06963072188
72.0,1.0,2.0,-11.99892,-77.0915036,3.0,2020.0,65550.0,63774.36003284622
126.0,3.0,3.0,-12.0811239,-77.0571441,1.0,2020.0,170430.0,194677.02108161035
200.0,2.0,4.0,-12.4423013,-76.77707209999998,2.0,2020.0,244720.0,220578.99612955045
150.0,4.0,5.0,-16.396712,-71.5579295,2.0,2020.0,222870.0,161825.69684720255
52.0,1.0,2.0,-12.0140788,-77.07363240000001,1.0,2020.0,50692.0,41854.61161829285
151.0,3.0,2.0,-12.126157698699998,-77.03045154760001,2.0,2020.0,287283.8,264423.3493839914
68.0,1.0,3.0,-12.0412430811,-77.0634464094,1.0,2020.0,59432.0,63105.646824084135
79.0,2.0,3.0,-12.117153300000002,-77.04331850000001,3.0,2020.0,117990.0,107069.3507599636
84.0,1.0,3.0,-12.071652,-77.0235064,2.0,2020.0,68172.0,78899.39044583886
97.0,2.0,3.0,-8.102267,-79.0488875,1.0,2020.0,74290.0,79676.5423102217
70.0,1.0,5.0,-12.0651007937,-77.0142877157,1.0,2020.0,183540.0,99800.36990538804
92.0,3.0,3.0,-12.136838599999999,-77.0100259,1.0,2020.0,144210.0,149888.84793685543
115.0,3.0,3.0,-12.1488371,-76.9885855,2.0,2020.0,135470.0,185635.23603801063
256.0,5.0,3.0,-12.0798632,-76.97596949999999,2.0,2020.0,371450.0,316179.7566584876
93.0,2.0,3.0,-8.102267,-79.0488875,1.0,2020.0,76038.0,77423.80041997708
180.0,3.0,4.0,-12.789085838599998,-76.5739043979,2.0,2020.0,218500.0,227847.69168166706
85.0,2.0,3.0,-11.8888490024,-77.0409266905,3.0,2020.0,61180.0,76605.92535325613
170.0,3.0,3.0,-12.00432,-77.0662886,3.0,2020.0,235980.0,255084.04115378816
45.0,1.0,1.0,-12.014961099999999,-77.07628940000001,2.0,2020.0,27968.0,46523.9695129318
128.0,3.0,4.0,-12.1190134,-77.0109745,2.0,2020.0,332120.0,175313.6279906827
49.0,1.0,2.0,-12.121478399999999,-77.0013227,2.0,2020.0,78660.0,55651.48327377126
123.0,2.0,0.0,-12.0095758,-77.0707828,2.0,2020.0,122360.0,173210.62013052116
140.0,3.0,0.0,-6.7853136,-79.8514613,3.0,2020.0,100510.0,129986.77520030997
89.0,4.0,3.0,-12.099886699999999,-76.9954714,3.0,2020.0,144210.0,183390.50871997577
237.0,2.0,3.0,-11.9168754,-77.0528862,3.0,2020.0,157320.0,284243.7978288372
135.0,2.0,4.0,-12.385914900000001,-76.7831851,2.0,2020.0,174363.0,156746.0216141201
165.0,5.0,4.0,-12.096885648299999,-76.97623358199999,1.0,2020.0,302709.9,267333.44267461274
128.0,2.0,3.0,-12.1190149,-77.0109944,2.0,2020.0,331246.0,162226.6028242019
122.0,2.0,3.0,-12.113883,-76.9781438,2.0,2020.0,150830.407,149132.79363333352
115.0,3.0,2.0,-12.083341262200001,-77.0699158372,1.0,2020.0,126730.0,193365.3161774698
135.0,3.0,4.0,-12.1107860773,-76.9789256555,2.0,2020.0,201020.0,179805.59946418385
126.0,2.0,3.0,-12.0925356,-77.07539770000001,3.0,2020.0,189658.0,173085.19779031127
44.0,1.0,1.0,-12.1436699,-77.0219036,1.0,2020.0,99346.94,76932.89404599942
205.0,1.0,1.0,-4.8907103876999996,-80.68391176189999,2.0,2020.0,126730.0,84577.67862492507
120.0,3.0,4.0,-12.3849381,-76.77046419999999,3.0,2020.0,165186.0,177108.62210277136
66.0,2.0,1.0,-12.385914900000001,-76.7831851,2.0,2020.0,77543.02799999999,141500.54362245408
60.0,1.0,3.0,-12.176698823599999,-76.9956441894,3.0,2020.0,52352.6,77379.50437640116
159.0,2.0,3.0,-16.3767686,-71.5603595,2.0,2020.0,134124.914,127284.07673663483
90.0,3.0,2.0,-12.1647403,-76.9877118,1.0,2020.0,65550.0,165621.33112523827
42.0,1.0,1.0,-12.1374567,-77.02241690000001,1.0,2020.0,131100.0,73726.60407871437
182.0,2.0,2.0,-16.3565987,-72.1906391,2.0,2020.0,107502.0,164801.37667947164
90.0,2.0,3.0,-12.1827266,-76.96450340000001,1.0,2020.0,43700.0,119338.39084248227
111.0,4.0,3.0,-16.366432,-71.5629546,3.0,2020.0,100510.0,133725.28082464563
88.0,2.0,3.0,-12.385914900000001,-76.7831851,2.0,2020.0,176198.4,120036.26246852598
67.0,2.0,3.0,-12.060368501700001,-77.0495376328,2.0,2020.0,66605.546,78110.0558534594
63.0,1.0,2.0,-12.0613336,-77.01442320000001,2.0,2020.0,65550.0,55769.79357151437
75.0,2.0,3.0,-12.065164999999999,-77.0372802,2.0,2020.0,81282.0,86432.06429335572
128.0,2.0,2.0,-12.0915056,-77.0270179,1.0,2020.0,305900.0,179627.10825761966
143.0,4.0,4.0,-12.072624000000001,-77.0313731,2.0,2020.0,170430.0,221837.81206042523
120.0,2.0,3.0,-11.839310451800001,-77.04700076510001,2.0,2020.0,32338.0,101879.68203096598
54.0,1.0,1.0,-12.109461099999999,-77.031194,1.0,2020.0,96140.0,79460.846506809
55.0,1.0,2.0,-12.1219816,-77.0009074,1.0,2020.0,78660.0,63160.25127890236
150.0,1.0,3.0,-11.9947108852,-77.1055736786,2.0,2020.0,109250.0,148777.06800144265
130.0,3.0,5.0,-12.111054300000001,-77.00405190000001,1.0,2020.0,148580.0,159981.68871220082
174.0,3.0,3.0,-12.1311252,-77.0071343,2.0,2020.0,305900.0,274548.9014111691
60.0,1.0,2.0,-12.164587078499999,-76.9973803421,3.0,2020.0,56810.0,73732.14315946995
108.0,2.0,3.0,-12.099814085799999,-77.0612599578,2.0,2020.0,183540.0,134225.10268389084
252.0,5.0,4.0,-12.096719294100001,-76.9770384409,1.0,2020.0,404896.232,318638.448256777
72.0,2.0,3.0,-12.0760809345,-77.0623473024,2.0,2020.0,93381.61,86308.67255462932
83.0,2.0,3.0,-8.1021992,-79.0285301,3.0,2020.0,68172.0,70545.18190698927
113.0,2.0,3.0,-8.1151606,-79.0333603,1.0,2020.0,104880.0,88853.83318670686
83.0,2.0,3.0,-11.9334397094,-77.0646271307,1.0,2020.0,65100.0,70460.43947658398
74.0,2.0,2.0,-11.9450422,-77.052503,2.0,2020.0,68172.0,66266.21144238085
140.0,3.0,3.0,-12.1188451428,-77.0360699545,3.0,2020.0,222870.0,232376.4712277131
136.0,2.0,4.0,-15.855075400000002,-70.00791059999999,1.0,2020.0,183540.0,103760.66718922924
127.0,3.0,2.0,-12.106454600000001,-77.0329478,3.0,2020.0,305900.0,237092.7951360918
96.0,2.0,2.0,-12.076406,-77.07406329999999,2.0,2020.0,126730.0,134182.48643749594
84.0,2.0,2.0,-12.083604300000001,-77.0103177,1.0,2020.0,113620.0,111547.89614017146
200.0,2.0,1.0,-12.242271065499999,-76.9465592559,2.0,2020.0,69920.0,292970.27540758305
98.0,2.0,3.0,-12.1078664,-76.9796147,2.0,2020.0,179170.0,115906.51281709786
98.0,2.0,3.0,-12.1366713,-77.0045089,2.0,2020.0,148580.0,121519.15082509804
101.0,2.0,0.0,-12.0906802,-77.0138133,3.0,2020.0,235106.0,176404.72291708834
70.0,1.0,1.0,-16.4014947885,-71.5445157968,1.0,2020.0,74290.0,75029.98799174254
