Area,Baths,Beds,Latitude,Longitude,Month,Year,country,suburb,municipality,state,postcode,Coeficient,Prediction,Average,Price,PricePredicted,MAPE,,MMAPE
115.8615385,2.462393162,2.820512821,-15.92135223,-72.29918005,1.306096462,2019.999145,Perú,Pachacutec,Not found,Arequipa,4014,1.181906254,1.017571449,725.0778333,99290.32907,85484.7867,13.90421655,,23.01451494
115.8615385,2.462393162,2.820512821,-12.61460075,-76.27643274,2.721253965,2019.999145,Perú,Miraflores,Not found,Lima,15073,1.228981612,1.018785596,1955.684264,278473.2077,230845.1892,17.10326781,,
115.8615385,2.462393162,2.820512821,-12.61460075,-76.27643274,1.306096462,2019.999145,Perú,Magdalena,Not found,Lima,15086,0.834327756,1.014090538,1598.185182,154490.9637,187777.3135,21.5458231,,
115.8615385,3.400132442,2.820512821,-12.61460075,-76.27643274,2.013675214,2019.999145,Perú,Santiago de Surco,Not found,Lima,15038,1.225186832,1.006981492,1444.934519,205111.39,168581.1243,17.80996452,,
115.8615385,2.462393162,2.820512821,-12.61460075,-76.27643274,2.721253965,2019.999145,Perú,Santiago de Surco,Not found,Lima,10853,0.875709776,1.018004656,1444.934519,146604.6195,170426.5379,16.24909121,,
115.8615385,2.462393162,2.820512821,-12.61460075,-76.27643274,2.013675214,2019.999145,Perú,Santiago de Surco,Not found,Lima,10853,0.925918988,1.021914005,1444.934519,155010.2611,171081.0112,10.36753954,,
115.8615385,2.462393162,2.820512821,-17.57472797,-70.31055371,1.306096462,2019.999145,Perú,Leoncio Prado,Not found,Tacna,23001,1.028683022,1.020447493,895.3090773,106707.2311,105852.9441,0.80058962,,
67.36908977,2.462393162,2.820512821,-12.61460075,-76.27643274,2.013675214,2019.999145,Perú,Pueblo Libre,Not found,Lima,15084,0.99976971,1.012878418,1401.497355,94395.85762,95633.55042,1.311172794,,
115.8615385,2.462393162,4.975457595,-12.61460075,-76.27643274,2.013675214,2019.999145,Perú,San Juan de Miraflores,Not found,Lima,29,1.222501019,1.013639688,983.0257658,139236.6038,115448.3682,17.08475715,,
115.8615385,2.462393162,2.820512821,-15.92135223,-72.29918005,1.306096462,2019.999145,Perú,Cayma,Not found,Arequipa,4100,0.783079396,1.016080976,1302.124244,118140.1487,153292.1926,29.75452818,,
115.8615385,2.462393162,2.820512821,-12.61460075,-76.27643274,2.721253965,2019.999145,Perú,San Borja,Not found,Lima,41,0.746196247,1.008809447,1629.186942,140852.0823,190422.9777,35.19358361,,
115.8615385,1.524653883,2.820512821,-12.61460075,-76.27643274,2.013675214,2019.999145,Perú,Surquillo,Not found,Lima,15048,0.722365223,1.01169014,1555.604077,130195.2659,182341.6502,40.0524427,,
115.8615385,2.462393162,3.897985208,-12.61460075,-76.27643274,1.306096462,2019.999145,Perú,Santiago de Surco,Not found,Lima,15039,1.042882243,1.013923407,1444.934519,174591.3528,169743.2864,2.776807856,,
67.36908977,2.462393162,2.820512821,-12.61460075,-76.27643274,1.306096462,2019.999145,Perú,San Miguel,Not found,Lima,18,1.008652249,1.000355601,1278.446757,86872.99346,86158.42151,0.822547855,,
115.8615385,2.462393162,2.820512821,-15.92135223,-72.29918005,2.013675214,2019.999145,Perú,Cayma,Not found,Arequipa,14043,0.899169333,1.006959558,1302.124244,135654.1869,151916.0796,11.98775582,,
115.8615385,3.400132442,2.820512821,-15.92135223,-72.29918005,2.013675214,2019.999145,Perú,La Libertad,Not found,Arequipa,4100,2.148628913,1.01665473,996.5890282,248094.3123,117389.3987,52.68355909,,
115.8615385,2.462393162,4.975457595,-12.61460075,-76.27643274,2.013675214,2019.999145,Perú,San Juan de Lurigancho,Not found,Lima,36,1.478444634,1.015185714,923.6903222,158223.4135,108645.3596,31.33420822,,
67.36908977,2.462393162,2.820512821,-12.61460075,-76.27643274,1.306096462,2019.999145,Perú,San Miguel,Not found,Lima,18,1.143785787,1.000355601,1278.446757,98511.74707,86158.42151,12.53995175,,
67.36908977,2.462393162,1.743040433,-12.61460075,-76.27643274,2.721253965,2019.999145,Perú,Pueblo Libre,Not found,Lima,11,0.949601248,1.009070992,1401.497355,89659.07178,95274.06244,6.262601815,,
115.8615385,2.462393162,2.820512821,-12.61460075,-76.27643274,2.013675214,2019.999145,Perú,Jesús María,Not found,Lima,15072,1.010276142,1.011241078,1332.369836,155956.7514,156105.709,0.09551214,,
212.8464359,2.462393162,3.897985208,-12.61460075,-76.27643274,1.306096462,2019.999145,Perú,Santiago de Surco,Not found,Lima,10853,0.994854771,1.017417789,1444.934519,305966.7515,312905.9887,2.267970987,,
115.8615385,2.462393162,1.743040433,-12.61460075,-76.27643274,1.306096462,2019.999145,Perú,Miraflores,Not found,Lima,10574,0.91863272,1.014040351,1955.684264,208151.6906,229769.9708,10.38582977,,
261.3388845,4.337871722,2.820512821,-12.61460075,-76.27643274,1.306096462,2019.999145,Perú,Monterrico,Not found,Lima,12,0.866932143,1.018438935,1711.957453,387866.3521,455650.6502,17.47619967,,
115.8615385,2.462393162,2.820512821,-15.92135223,-72.29918005,2.013675214,2019.999145,Perú,Pachacutec,Not found,Arequipa,154,0.800377523,1.017573714,725.0778333,67238.62178,85484.97698,27.13671802,,
212.8464359,2.462393162,2.820512821,-12.61460075,-76.27643274,2.013675214,2019.999145,Perú,Santiago de Surco,Not found,Lima,51132,0.65634837,1.023685217,1444.934519,201859.3915,314833.531,55.96674927,,
115.8615385,2.462393162,2.820512821,-12.61460075,-76.27643274,2.013675214,2019.999145,Perú,Las Palmeras,Not found,Lima,39,0.782404123,1.013492227,1055.010346,95637.26325,123884.3457,29.53564487,,
115.8615385,2.462393162,2.820512821,-12.61460075,-76.27643274,2.721253965,2019.999145,Perú,Monterrico,Not found,Lima,10051,0.931366289,1.028311253,1711.957453,184736.526,203965.5619,10.40889767,,
115.8615385,2.462393162,3.897985208,-12.61460075,-76.27643274,2.721253965,2019.999145,Perú,Pueblo Libre,Not found,Lima,17,0.921700638,1.008039951,1401.497355,149665.4175,163685.1641,9.367392133,,
115.8615385,2.462393162,2.820512821,-12.61460075,-76.27643274,2.013675214,2019.999145,Perú,San Borja,Not found,Lima,41,1.082339471,1.010649323,1629.186942,204302.5128,190770.2729,6.623628711,,
115.8615385,2.462393162,2.820512821,-12.61460075,-76.27643274,2.013675214,2019.999145,Perú,Surquillo,Not found,Lima,15038,1.02097737,0.995011091,1555.604077,184015.5312,179335.5072,2.543276612,,
115.8615385,2.462393162,2.820512821,-15.92135223,-72.29918005,2.721253965,2019.999145,Perú,La Libertad,Not found,Arequipa,4100,0.815614798,1.014210224,996.5890282,94176.05398,117107.1406,24.34916904,,
67.36908977,2.462393162,2.820512821,-12.61460075,-76.27643274,1.306096462,2019.999145,Perú,Barranco,Not found,Lima,15049,0.755573374,1.014044523,2019.700267,102807.3697,137976.3418,34.20861001,,
115.8615385,2.462393162,2.820512821,-15.92135223,-72.29918005,2.013675214,2019.999145,Perú,Cayma,Not found,Arequipa,4100,0.717105674,1.010462761,1302.124244,108186.9494,152444.5943,40.90848777,,
164.3539872,2.462393162,3.897985208,-12.61460075,-76.27643274,2.013675214,2019.999145,Perú,San Borja,Not found,Lima,41,0.745088767,1.009964824,1629.186942,199507.4789,270431.5845,35.54959745,,
115.8615385,2.462393162,2.820512821,-12.61460075,-76.27643274,1.306096462,2019.999145,Perú,Jesús María,Not found,Lima,1079,1.060098776,1.016100526,1332.369836,163647.8923,156855.8639,4.150391601,,
67.36908977,1.524653883,1.743040433,-12.61460075,-76.27643274,2.721253965,2019.999145,Perú,San Miguel,Not found,Lima,18,1.058017504,0.996627212,1278.446757,91124.71404,85837.30353,5.802389137,,
115.8615385,2.462393162,2.820512821,-15.92135223,-72.29918005,2.721253965,2019.999145,Perú,La Libertad,Not found,Arequipa,4100,0.844581565,1.014210224,996.5890282,97520.74052,117107.1406,20.08434303,,
115.8615385,2.462393162,2.820512821,-12.61460075,-76.27643274,2.013675214,2019.999145,Perú,Miraflores,Not found,Lima,18,1.004424216,1.010719776,1955.684264,227591.0644,229017.5665,0.626782987,,
67.36908977,2.462393162,2.820512821,-12.61460075,-76.27643274,1.306096462,2019.999145,Perú,San Miguel,Not found,Lima,18,1.481224506,1.000355601,1278.446757,127574.5997,86158.42151,32.46428227,,
115.8615385,2.462393162,2.820512821,-12.61460075,-76.27643274,2.013675214,2019.999145,Perú,Santiago de Surco,Not found,Lima,15038,0.99860894,1.02017498,1444.934519,167179.4557,170789.8769,2.159608173,,
212.8464359,3.400132442,2.820512821,-12.61460075,-76.27643274,1.306096462,2019.999145,Perú,Miraflores,Not found,Lima,18,0.620445463,1.012562633,1955.684264,258266.8921,421489.752,63.19929687,,
115.8615385,1.524653883,2.820512821,-12.61460075,-76.27643274,1.306096462,2019.999145,Perú,Barranco,Not found,Lima,15042,0.596589533,1.017563581,2019.700267,139605.2798,238115.5563,70.5634319,,
115.8615385,3.400132442,3.897985208,-12.61460075,-76.27643274,1.306096462,2019.999145,Perú,Monterrico,Not found,Lima,15023,1.117013525,1.020587087,1711.957453,221559.6599,202433.4734,8.63252202,,
115.8615385,2.462393162,2.820512821,-12.61460075,-76.27643274,2.013675214,2019.999145,Perú,Chorrillos,Not found,Lima,15064,0.85029135,1.013200879,1151.228929,113414.5428,135143.9297,19.15925984,,
115.8615385,2.462393162,2.820512821,-12.61460075,-76.27643274,2.013675214,2019.999145,Perú,Santiago de Surco,Not found,Lima,51132,0.862622933,1.021051526,1444.934519,144413.7206,170936.6215,18.36591481,,
115.8615385,2.462393162,4.975457595,-12.61460075,-76.27643274,1.306096462,2019.999145,Perú,Rímac,Not found,Lima,15094,0.905406647,1.017682433,1280.516063,134328.449,150985.9722,12.40059222,,
67.36908977,1.524653883,2.820512821,-12.61460075,-76.27643274,2.013675214,2019.999145,Perú,Chorrillos,Not found,Lima,15064,0.947799649,1.008989215,1151.228929,73508.72966,78254.42379,6.455959931,,
164.3539872,2.462393162,2.820512821,-12.61460075,-76.27643274,2.013675214,2019.999145,Perú,San Isidro,Not found,Lima,27,0.885672008,1.00972116,1913.129968,278482.3261,317487.1678,14.00621797,,
212.8464359,2.462393162,0.665568046,-12.61460075,-76.27643274,2.013675214,2019.999145,Perú,San Miguel,Not found,Lima,15087,0.896330727,1.00365293,1278.446757,243903.0958,273106.8449,11.97350491,,
115.8615385,2.462393162,3.897985208,-14.26797649,-70.31055371,2.013675214,2019.999145,Perú,Laykakota,Not found,Puno,159,1.037217051,1.015645623,1217.145865,146268.7556,143226.7444,2.079740949,,
115.8615385,2.462393162,2.820512821,-12.61460075,-76.27643274,1.306096462,2019.999145,Perú,Santiago de Surco,Not found,Lima,15023,1.083728464,1.017526269,1444.934519,181429.5141,170346.45,6.108743755,,
67.36908977,2.462393162,2.820512821,-12.61460075,-76.27643274,2.013675214,2019.999145,Perú,San Miguel,Not found,Lima,32,1.253343813,0.993538797,1278.446757,107947.7382,85571.30519,20.72895029,,
67.36908977,1.524653883,2.820512821,-15.92135223,-72.29918005,2.013675214,2019.999145,Perú,Cayma,Not found,Arequipa,4100,1.059806701,1.014999747,1302.124244,92969.34388,89038.7468,4.227842115,,
67.36908977,2.462393162,3.897985208,-12.61460075,-76.27643274,2.721253965,2019.999145,Perú,Magdalena,Not found,Lima,17,1.572252094,1.00897789,1598.185182,169281.6803,108634.915,35.82594714,,
212.8464359,1.524653883,1.743040433,-12.61460075,-76.27643274,2.013675214,2019.999145,Perú,Barrio Obrero Industrial,Not found,Lima,15301,1.435796847,1.021922231,821.7736391,251137.5097,178746.0424,28.82543009,,
115.8615385,1.524653883,2.820512821,-12.61460075,-76.27643274,2.013675214,2019.999145,Perú,Lince,Not found,Lima,15046,0.598644337,1.019387484,1351.819786,93762.02279,159660.4638,70.28265714,,
212.8464359,2.462393162,2.820512821,-12.61460075,-76.27643274,2.013675214,2019.999145,Perú,Miraflores,Not found,Lima,15074,0.916650941,1.011140347,1955.684264,381565.5104,420897.7106,10.308112,,
115.8615385,1.524653883,2.820512821,-12.61460075,-76.27643274,2.721253965,2019.999145,Perú,Pueblo Libre,Not found,Lima,14043,0.89448343,1.014992595,1401.497355,145245.8971,164814.1318,13.47248704,,
115.8615385,2.462393162,2.820512821,-12.61460075,-76.27643274,2.013675214,2019.999145,Perú,Magdalena,Not found,Lima,15076,0.967119081,1.012252808,1598.185182,179079.6936,187437.0242,4.666822076,,
115.8615385,2.462393162,2.820512821,-12.61460075,-76.27643274,2.013675214,2019.999145,Perú,Santiago de Surco,Not found,Lima,15038,0.936110965,1.02017498,1444.934519,156716.5238,170789.8769,8.980133537,,
115.8615385,2.462393162,2.820512821,-12.61460075,-76.27643274,2.013675214,2019.999145,Perú,Magdalena,Not found,Lima,15076,1.147880746,1.012252808,1598.185182,212551.0047,187437.0242,11.81550777,,
67.36908977,1.524653883,2.820512821,-12.61460075,-76.27643274,2.013675214,2019.999145,Perú,Chorrillos,Not found,Lima,9,0.830362646,1.008307815,1151.228929,64400.63925,78201.57626,21.4298137,,
115.8615385,2.462393162,1.743040433,-12.61460075,-76.27643274,2.013675214,2019.999145,Perú,Miraflores,Not found,Lima,15074,1.286875787,1.020459533,1955.684264,291591.3671,231224.4842,20.70256177,,
67.36908977,1.524653883,0.665568046,-12.61460075,-76.27643274,2.013675214,2019.999145,Perú,Barranco,Not found,Lima,15063,1.298212434,1.021555901,2019.700267,176641.7534,138998.3802,21.31057492,,
115.8615385,2.462393162,2.820512821,-12.61460075,-76.27643274,2.013675214,2019.999145,Perú,Surquillo,Not found,Lima,34,0.53302733,0.997670531,1555.604077,96070.01105,179814.8305,87.17061504,,
115.8615385,3.400132442,3.897985208,-15.92135223,-72.29918005,2.013675214,2019.999145,Perú,Ciudad Satélite,Not found,Arequipa,4008,0.898366184,1.014462829,898.0405151,93473.52426,105553.1892,12.9230871,,
115.8615385,1.524653883,2.820512821,-7.654473533,-78.26505909,2.013675214,2019.999145,Perú,José Leonardo Ortiz,Not found,Lambayeque,14001,0.678115368,1.014894485,815.7381226,64090.49659,95920.39152,49.66398549,,
212.8464359,3.400132442,3.897985208,-15.92135223,-72.29918005,2.721253965,2019.999145,Perú,Pachacutec,Not found,Arequipa,4014,0.802778538,1.011811972,725.0778333,123892.9985,156153.1769,26.03874213,,
115.8615385,2.462393162,1.743040433,-12.61460075,-76.27643274,2.013675214,2019.999145,Perú,Barranco,Not found,Lima,15063,1.236392794,1.019228339,2019.700267,289322.8132,238505.1189,17.56435787,,
115.8615385,2.462393162,2.820512821,-15.92135223,-72.29918005,1.306096462,2019.999145,Perú,Mariano Melgar,Not found,Arequipa,4006,0.92780831,1.018751621,790.3261678,84957.92777,93285.46175,9.80195045,,
115.8615385,2.462393162,2.820512821,-12.61460075,-76.27643274,2.013675214,2019.999145,Perú,Miraflores,Not found,Lima,15074,0.991825403,1.015398026,1955.684264,224736.3172,230077.6044,2.376690735,,
115.8615385,2.462393162,2.820512821,-12.61460075,-76.27643274,2.721253965,2019.999145,Perú,San Miguel,Not found,Lima,18,0.959409814,0.998088539,1278.446757,142110.4759,147839.6771,4.031512256,,
115.8615385,2.462393162,2.820512821,-12.61460075,-76.27643274,1.306096462,2019.999145,Perú,Miraflores,Not found,Lima,1509,1.236113034,1.020355821,1955.684264,280089.1064,231200.9842,17.45448896,,
67.36908977,2.462393162,2.820512821,-12.61460075,-76.27643274,2.013675214,2019.999145,Perú,Breña,Not found,Lima,15083,0.838033456,1.009541869,1186.244558,66972.4628,80678.76622,20.46558071,,
115.8615385,2.462393162,2.820512821,-15.92135223,-72.29918005,1.306096462,2019.999145,Perú,Sachaca,Not found,Arequipa,4013,1.19321096,1.011199117,1010.81874,139742.9188,118426.5991,15.25395339,,
115.8615385,2.462393162,2.820512821,-12.61460075,-76.27643274,2.721253965,2019.999145,Perú,La Libertad,Not found,Lima,7,0.462413644,1.010645509,996.5890282,53393.21007,116695.5359,118.5587564,,
115.8615385,2.462393162,2.820512821,-12.61460075,-76.27643274,2.721253965,2019.999145,Perú,Miraflores,Not found,Lima,15073,1.247001871,1.018785596,1955.684264,282556.3926,230845.1892,18.30119746,,
115.8615385,2.462393162,2.820512821,-15.92135223,-72.29918005,2.013675214,2019.999145,Perú,Ciudad Satélite,Not found,Arequipa,4009,1.007579328,1.01540184,898.0405151,104836.9723,105650.8918,0.776366869,,
115.8615385,2.462393162,2.820512821,-12.61460075,-76.27643274,1.306096462,2019.999145,Perú,Miraflores,Not found,Lima,15074,0.794361986,1.017204046,1955.684264,179993.3604,230486.8281,28.05296132,,
115.8615385,2.462393162,2.820512821,-12.61460075,-76.27643274,2.013675214,2019.999145,Perú,Surquillo,Not found,Lima,15048,1.663571993,1.014851451,1555.604077,299833.3685,182911.4281,38.9956398,,
115.8615385,2.462393162,2.820512821,-12.61460075,-76.27643274,2.013675214,2019.999145,Perú,San Borja,Not found,Lima,41,1.096456943,1.010649323,1629.186942,206967.3282,190770.2729,7.825899586,,
67.36908977,1.524653883,1.743040433,-12.61460075,-76.27643274,2.013675214,2019.999145,Perú,Pueblo Libre,Not found,Lima,21,0.954518464,1.01109302,1401.497355,90123.34355,95464.97747,5.927025903,,
115.8615385,2.462393162,2.820512821,-12.61460075,-76.27643274,2.013675214,2019.999145,Perú,Santiago de Surco,Not found,Lima,15023,1.291299136,1.020799637,1444.934519,216179.4054,170894.4522,20.94785723,,
115.8615385,2.462393162,2.820512821,-12.61460075,-76.27643274,2.013675214,2019.999145,Perú,Miraflores,Not found,Lima,1509,0.972826625,1.016306043,1955.684264,220431.4109,230283.3507,4.469390194,,
164.3539872,2.462393162,2.820512821,-12.61460075,-76.27643274,2.013675214,2019.999145,Perú,Santiago de Surco,Not found,Lima,33,0.982458278,1.018494368,1444.934519,233314.928,241872.8057,3.667951187,,
115.8615385,2.462393162,2.820512821,-12.61460075,-76.27643274,2.013675214,2019.999145,Perú,Pueblo Libre,Not found,Lima,15084,0.730751549,1.011354446,1401.497355,118659.1732,164223.3706,38.39922031,,
115.8615385,2.462393162,0.665568046,-12.61460075,-76.27643274,2.013675214,2019.999145,Perú,Miraflores,Not found,Lima,15074,1.08734522,1.022944093,1955.684264,246380.0177,231787.4571,5.922785738,,
115.8615385,2.462393162,2.820512821,-15.92135223,-72.29918005,2.013675214,2019.999145,Perú,Paucarpata,Not found,Arequipa,4006,1.051051298,1.020995975,731.9358099,89132.52292,86583.735,2.859548713,,
67.36908977,1.524653883,2.820512821,-12.61460075,-76.27643274,2.721253965,2019.999145,Perú,Surquillo,Not found,Lima,15038,1.13589314,1.009340763,1555.604077,119041.1816,105778.5392,11.14122206,,
115.8615385,2.462393162,4.975457595,-12.61460075,-76.27643274,2.013675214,2019.999145,Perú,Pueblo Libre,Not found,Lima,21,1.49541226,1.011156559,1401.497355,242824.5039,164191.2377,32.38275584,,
115.8615385,2.462393162,2.820512821,-15.92135223,-72.29918005,2.721253965,2019.999145,Perú,La Libertad,Not found,Arequipa,4014,0.748466792,1.020930886,996.5890282,86422.71963,117883.1508,36.40296362,,
212.8464359,2.462393162,2.820512821,-12.61460075,-76.27643274,2.013675214,2019.999145,Perú,Miraflores,Not found,Lima,1509,0.835508873,1.014097333,1955.684264,347789.2788,422128.587,21.37481307,,
115.8615385,2.462393162,3.897985208,-12.61460075,-76.27643274,2.013675214,2019.999145,Perú,Surquillo,Not found,Lima,15048,1.667961365,1.014152765,1555.604077,300624.4856,182785.5007,39.19806619,,
115.8615385,2.462393162,2.820512821,-12.61460075,-76.27643274,2.721253965,2019.999145,Perú,Miraflores,Not found,Lima,18,0.804167819,1.007865548,1955.684264,182215.2503,228370.831,25.33025125,,
115.8615385,2.462393162,2.820512821,-12.61460075,-76.27643274,2.721253965,2019.999145,Perú,Santiago de Surco,Not found,Lima,15039,1.772537071,1.019247651,1444.934519,296744.5723,170634.6306,42.49780905,,
164.3539872,3.400132442,3.897985208,-12.61460075,-76.27643274,2.721253965,2019.999145,Perú,Lince,Not found,Lima,15046,0.808169855,1.006519198,1351.819786,179556.731,223625.3875,24.54302675,,
115.8615385,2.462393162,2.820512821,-12.61460075,-76.27643274,2.013675214,2019.999145,Perú,Breña,Not found,Lima,11,0.736778933,1.020770311,1186.244558,101262.9846,140294.7936,38.54499168,,
67.36908977,1.524653883,0.665568046,-12.61460075,-76.27643274,1.306096462,2019.999145,Perú,Miraflores,Not found,Lima,1509,0.902399086,1.013145089,1955.684264,118893.4878,133484.5693,12.27239753,,
115.8615385,2.462393162,1.743040433,-12.61460075,-76.27643274,2.013675214,2019.999145,Perú,Miraflores,Not found,Lima,15074,1.219752106,1.020459533,1955.684264,276381.9069,231224.4842,16.33877674,,
115.8615385,2.462393162,2.820512821,-12.61460075,-76.27643274,2.013675214,2019.999145,Perú,Las Palmeras,Not found,Lima,39,0.73096579,1.013492227,1055.010346,89349.69231,123884.3457,38.65111618,,
115.8615385,2.462393162,2.820512821,-12.61460075,-76.27643274,2.013675214,2019.999145,Perú,Magdalena,Not found,Lima,15076,1.139313112,1.012252808,1598.185182,210964.5513,187437.0242,11.15236039,,
115.8615385,2.462393162,2.820512821,-15.92135223,-72.29918005,2.013675214,2019.999145,Perú,La Libertad,Not found,Arequipa,4014,1.249412395,1.021366835,996.5890282,144265.074,117933.4882,18.25222493,,
115.8615385,2.462393162,2.820512821,-12.61460075,-76.27643274,2.013675214,2019.999145,Perú,Santiago de Surco,Not found,Lima,10853,1.191413956,1.021914005,1444.934519,199457.3939,171081.0112,14.22678909,,
115.8615385,1.524653883,2.820512821,-12.61460075,-76.27643274,2.013675214,2019.999145,Perú,Santiago de Surco,Not found,Lima,33,0.822803416,1.016798735,1444.934519,137747.4423,170224.6518,23.57735935,,
115.8615385,1.524653883,2.820512821,-17.57472797,-70.31055371,1.306096462,2019.999145,Perú,Jesús María,Not found,Tacna,23000,0.345479651,1.021474242,1332.369836,53331.83856,157685.4068,195.6684244,,
115.8615385,3.400132442,3.897985208,-12.61460075,-76.27643274,2.013675214,2019.999145,Perú,San Isidro,Not found,Lima,14,1.132822029,1.012339115,1913.129968,251099.2708,224393.2472,10.63564362,,
115.8615385,2.462393162,2.820512821,-12.61460075,-76.27643274,2.013675214,2019.999145,Perú,Villa María del Triunfo,Not found,Lima,15809,0.506374898,1.012835979,958.8855159,56257.21368,112524.0021,100.0170196,,
115.8615385,2.462393162,2.820512821,-12.61460075,-76.27643274,1.306096462,2019.999145,Perú,Miraflores,Not found,Lima,15047,0.781888311,1.020729661,1955.684264,177166.9681,231285.6922,30.5467349,,
115.8615385,2.462393162,2.820512821,-12.61460075,-76.27643274,2.013675214,2019.999145,Perú,Miraflores,Not found,Lima,15074,0.96084017,1.015398026,1955.684264,217715.4169,230077.6044,5.678140607,,
115.8615385,2.462393162,2.820512821,-9.307849272,-78.26505909,2.013675214,2019.999145,Perú,Buenos Aires,Not found,La Libertad,13009,1,1.01796186,742.0754717,85978.00581,87522.33068,1.79618597,,
115.8615385,2.462393162,2.820512821,-12.61460075,-76.27643274,2.013675214,2019.999145,Perú,Miraflores,Not found,Lima,15074,1.139961537,1.015398026,1955.684264,258302.2745,230077.6044,10.92699246,,
115.8615385,2.462393162,2.820512821,-12.61460075,-76.27643274,1.306096462,2019.999145,Perú,Surquillo,Not found,Lima,34,0.758483484,0.999933183,1555.604077,136705.0292,180222.6389,31.83321777,,
212.8464359,3.400132442,3.897985208,-12.61460075,-76.27643274,2.721253965,2019.999145,Perú,Miraflores,Not found,Lima,15047,0.584125549,1.008746862,1955.684264,243148.3496,419901.3979,72.69350114,,
115.8615385,2.462393162,2.820512821,-12.61460075,-76.27643274,2.721253965,2019.999145,Perú,Chorrillos,Not found,Lima,15064,0.810659126,1.009937286,1151.228929,108128.2717,134708.6214,24.58223857,,
115.8615385,3.400132442,3.897985208,-12.61460075,-76.27643274,2.013675214,2019.999145,Perú,Miraflores,Not found,Lima,18,1.122373214,1.010622621,1955.684264,254316.9614,228995.5522,9.956634062,,
115.8615385,2.462393162,2.820512821,-12.61460075,-76.27643274,2.013675214,2019.999145,Perú,San Borja,Not found,Lima,15037,0.716485359,1.001190066,1629.186942,135243.8519,188984.7426,39.73629104,,
115.8615385,2.462393162,2.820512821,-12.61460075,-76.27643274,1.306096462,2019.999145,Perú,Magdalena,Not found,Lima,17,0.702063215,1.014762521,1598.185182,129999.7775,187901.7433,44.54004986,,
164.3539872,3.400132442,3.897985208,-12.61460075,-76.27643274,2.013675214,2019.999145,Perú,Santiago de Surco,Not found,Lima,33,0.630074688,1.023875237,1444.934519,149630.6091,243150.6585,62.50061391,,
115.8615385,3.400132442,0.665568046,-12.61460075,-76.27643274,2.721253965,2019.999145,Perú,Monterrico,Not found,Lima,15023,0.897822829,1.029653311,1711.957453,178083.1798,204231.7592,14.68335156,,
115.8615385,1.524653883,2.820512821,-12.61460075,-76.27643274,1.306096462,2019.999145,Perú,Lince,Not found,Lima,15046,0.700070702,1.018539071,1351.819786,109647.8177,159527.5821,45.49088655,,
115.8615385,2.462393162,2.820512821,-12.61460075,-76.27643274,2.721253965,2019.999145,Perú,San Borja,Not found,Lima,41,1.072927824,1.008809447,1629.186942,202525.9692,190422.9777,5.976019556,,
115.8615385,1.524653883,2.820512821,-12.61460075,-76.27643274,2.721253965,2019.999145,Perú,Barrio Obrero Industrial,Not found,Lima,15109,0.862659834,1.016378999,821.7736391,82135.53197,96771.43463,17.81920969,,
164.3539872,2.462393162,2.820512821,-12.61460075,-76.27643274,2.013675214,2019.999145,Perú,Miraflores,Not found,Lima,18,0.657209418,1.010622621,1955.684264,211243.2129,324838.877,53.77482311,,
115.8615385,2.462393162,3.897985208,-6.001097794,-80.25368543,1.306096462,2019.999145,Perú,Castilla,Not found,Piura,1,0.926535782,1.017349005,642.7787611,69002.21076,75765.37441,9.801372419,,
115.8615385,2.462393162,2.820512821,-12.61460075,-76.27643274,2.721253965,2019.999145,Perú,Carabayllo,Not found,Lima,15316,0.991698382,1.006479383,725.7899365,83393.04615,84635.9973,1.490473372,,
115.8615385,2.462393162,2.820512821,-12.61460075,-76.27643274,2.013675214,2019.999145,Perú,Santiago de Surco,Not found,Lima,33,0.718945927,1.017485976,1444.934519,120360.4173,170339.7045,41.52468747,,
115.8615385,2.462393162,2.820512821,-12.61460075,-76.27643274,2.013675214,2019.999145,Perú,San Borja,Not found,Lima,41,0.995500043,1.010649323,1629.186942,187910.6931,190770.2729,1.521775997,,
115.8615385,2.462393162,2.820512821,-12.61460075,-76.27643274,2.013675214,2019.999145,Perú,Magdalena,Not found,Lima,15086,0.764442346,1.007630944,1598.185182,141550.4086,186581.2021,31.81254931,,
212.8464359,2.462393162,2.820512821,-12.61460075,-76.27643274,2.721253965,2019.999145,Perú,Santiago de Surco,Not found,Lima,15039,0.98507677,1.023262382,1444.934519,302959.5355,314703.4884,3.876409734,,
115.8615385,2.462393162,2.820512821,-12.61460075,-76.27643274,2.013675214,2019.999145,Perú,San Borja,Not found,Lima,41,1.053204886,1.010649323,1629.186942,198803.0654,190770.2729,4.040577767,,
212.8464359,3.400132442,3.897985208,-12.61460075,-76.27643274,2.013675214,2019.999145,Perú,Santa Anita,Not found,Lima,15009,1.701663419,1.012622714,976.1010647,353536.9668,210382.1231,40.49218531,,
115.8615385,2.462393162,2.820512821,-12.61460075,-76.27643274,2.013675214,2019.999145,Perú,Monterrico,Not found,Lima,15023,0.841208778,1.020158648,1711.957453,166853.7815,202348.4927,21.27294385,,
115.8615385,2.462393162,2.820512821,-12.61460075,-76.27643274,2.013675214,2019.999145,Perú,Miraflores,Not found,Lima,18,0.893804809,1.010719776,1955.684264,202525.9692,229017.5665,13.08059276,,
115.8615385,3.400132442,2.820512821,-9.307849272,-78.26505909,2.013675214,2019.999145,Perú,Vista Alegre,Not found,La Libertad,13009,0.648011782,1.018052697,1284.515152,96440.93773,151512.6106,57.10404122,,
115.8615385,1.524653883,2.820512821,-12.61460075,-76.27643274,2.013675214,2019.999145,Perú,Magdalena,Not found,Lima,15076,0.733606491,1.012521267,1598.185182,135840.5891,187486.7344,38.01967113,,
67.36908977,2.462393162,2.820512821,-12.61460075,-76.27643274,2.013675214,2019.999145,Perú,Surquillo,Not found,Lima,34,1.097343003,1.006398797,1555.604077,115001.1415,105470.2223,8.287673599,,
115.8615385,2.462393162,4.975457595,-12.61460075,-76.27643274,2.013675214,2019.999145,Perú,San Juan de Miraflores,Not found,Lima,29,1.166932791,1.013639688,983.0257658,132907.6673,115448.3682,13.13641225,,
115.8615385,2.462393162,2.820512821,-12.61460075,-76.27643274,2.013675214,2019.999145,Perú,Miraflores,Not found,Lima,15074,1.139961537,1.015398026,1955.684264,258302.2745,230077.6044,10.92699246,,
115.8615385,2.462393162,3.897985208,-12.61460075,-76.27643274,1.306096462,2019.999145,Perú,Surquillo,Not found,Lima,34,1.259295695,0.994859159,1555.604077,226968.7586,179308.1238,20.99876439,,
115.8615385,2.462393162,2.820512821,-12.61460075,-76.27643274,2.013675214,2019.999145,Perú,San Miguel,Not found,Lima,18,0.83105107,1.000975251,1278.446757,123097.6182,148267.2651,20.44690002,,
115.8615385,2.462393162,2.820512821,-12.61460075,-76.27643274,1.306096462,2019.999145,Perú,Las Palmeras,Not found,Lima,39,0.837736074,1.017524958,1055.010346,102400.771,124377.2871,21.46127992,,
115.8615385,2.462393162,2.820512821,-12.61460075,-76.27643274,1.306096462,2019.999145,Perú,Jesús María,Not found,Lima,15072,1.010276142,1.015089869,1332.369836,155956.7514,156699.8485,0.476476409,,
67.36908977,1.524653883,1.743040433,-12.61460075,-76.27643274,1.306096462,2019.999145,Perú,Barranco,Not found,Lima,15063,1.816491041,1.023116231,2019.700267,247161.5231,139210.6871,43.67623029,,
115.8615385,2.462393162,2.820512821,-12.61460075,-76.27643274,1.306096462,2019.999145,Perú,Pueblo Libre,Not found,Lima,15084,0.858255673,1.01317358,1401.497355,139363.2469,164518.7609,18.05032135,,
115.8615385,2.462393162,2.820512821,-12.61460075,-76.27643274,2.013675214,2019.999145,Perú,San Miguel,Not found,Lima,32,1.113798894,0.98968482,1278.446757,164979.0199,146594.8947,11.14331092,,
115.8615385,2.462393162,2.820512821,-12.61460075,-76.27643274,2.013675214,2019.999145,Perú,Santa Beatriz,Not found,Lima,15046,0.932610747,1.013300896,1162.071104,125566.1009,136430.1698,8.652071508,,
115.8615385,3.400132442,2.820512821,-12.61460075,-76.27643274,2.013675214,2019.999145,Perú,Miraflores,Not found,Lima,10574,0.975059792,1.013009191,1955.684264,220937.421,229536.3217,3.892007368,,
212.8464359,2.462393162,2.820512821,-12.61460075,-76.27643274,2.013675214,2019.999145,Perú,San Borja,Not found,Lima,15037,1.090606022,1.015340924,1629.186942,378185.7791,352086.3545,6.901217865,,
115.8615385,2.462393162,2.820512821,-12.61460075,-76.27643274,2.721253965,2019.999145,Perú,Surquillo,Not found,Lima,15038,0.609655755,1.000672817,1555.604077,109881.111,180355.9466,64.13735265,,
164.3539872,2.462393162,3.897985208,-12.61460075,-76.27643274,2.013675214,2019.999145,Perú,San Miguel,Not found,Lima,15032,1.163646093,0.998648107,1278.446757,244502.7826,209833.7651,14.17939587,,
115.8615385,2.462393162,2.820512821,-12.61460075,-76.27643274,2.721253965,2019.999145,Perú,Santa Beatriz,Not found,Lima,15106,1.030550077,1.011329174,1162.071104,138752.5883,136164.6985,1.865111045,,
212.8464359,2.462393162,4.975457595,-12.61460075,-76.27643274,2.013675214,2019.999145,Perú,Rímac,Not found,Lima,1,0.465366353,1.018087029,1280.516063,126837.1261,277482.9593,118.7710869,,
115.8615385,2.462393162,2.820512821,-12.61460075,-76.27643274,2.013675214,2019.999145,Perú,Lince,Not found,Lima,14,0.796769519,1.014455318,1351.819786,124793.1654,158887.9688,27.32105017,,
115.8615385,2.462393162,2.820512821,-12.61460075,-76.27643274,1.306096462,2019.999145,Perú,La Molina,Not found,Lima,15026,1.506038469,1.003939033,1469.191042,256361.9864,170893.2473,33.33908441,,
115.8615385,2.462393162,2.820512821,-15.92135223,-72.29918005,2.013675214,2019.999145,Perú,Cayma,Not found,Arequipa,14043,0.884778019,1.006959558,1302.124244,133483.0252,151916.0796,13.80928731,,
115.8615385,2.462393162,2.820512821,-12.61460075,-76.27643274,2.013675214,2019.999145,Perú,San Borja,Not found,Lima,15037,0.836422228,1.001190066,1629.186942,157883.1481,188984.7426,19.69912234,,
115.8615385,2.462393162,2.820512821,-12.61460075,-76.27643274,2.013675214,2019.999145,Perú,Barranco,Not found,Lima,15042,0.69451694,1.01696682,2019.700267,162520.8395,237975.9107,46.42793591,,
115.8615385,2.462393162,2.820512821,-15.92135223,-72.29918005,2.013675214,2019.999145,Perú,Cayma,Not found,Arequipa,4100,1.010074672,1.010462761,1302.124244,152386.0448,152444.5943,0.038421839,,
115.8615385,2.462393162,2.820512821,-12.61460075,-76.27643274,2.013675214,2019.999145,Perú,Miraflores,Not found,Lima,15047,1.032498659,1.018251896,1955.684264,233952.4127,230724.2589,1.379833537,,
115.8615385,1.524653883,2.820512821,-12.61460075,-76.27643274,1.306096462,2019.999145,Perú,San Juan de Miraflores,Not found,Lima,29,0.592727767,1.014726043,983.0257658,67508.65641,115572.0984,71.19596886,,
115.8615385,2.462393162,2.820512821,-15.92135223,-72.29918005,2.721253965,2019.999145,Perú,Cayma,Not found,Arequipa,4100,0.905501512,1.007427692,1302.124244,136609.4981,151986.7053,11.25632363,,
115.8615385,2.462393162,2.820512821,-12.61460075,-76.27643274,2.013675214,2019.999145,Perú,Pueblo Libre,Not found,Lima,15084,0.925415094,1.011354446,1401.497355,150268.5694,164223.3706,9.286573503,,
115.8615385,2.462393162,2.820512821,-12.61460075,-76.27643274,2.013675214,2019.999145,Perú,Miraflores,Not found,Lima,18,1.291051391,1.010719776,1955.684264,292537.5111,229017.5665,21.71343578,,
115.8615385,2.462393162,2.820512821,-12.61460075,-76.27643274,2.013675214,2019.999145,Perú,Breña,Not found,Lima,15083,0.844494756,1.011672616,1186.244558,116067.4602,139044.4053,19.79619873,,
115.8615385,2.462393162,2.820512821,-12.61460075,-76.27643274,2.013675214,2019.999145,Perú,Santiago de Surco,Not found,Lima,15023,1.026196127,1.020799637,1444.934519,171797.8911,170894.4522,0.525873152,,
115.8615385,2.462393162,4.975457595,-12.61460075,-76.27643274,2.013675214,2019.999145,Perú,San Juan de Miraflores,Not found,Lima,29,0.53345499,1.013639688,983.0257658,60757.79077,115448.3682,90.0140982,,
115.8615385,2.462393162,2.820512821,-12.61460075,-76.27643274,2.013675214,2019.999145,Perú,Santiago de Surco,Not found,Lima,33,1.045182718,1.017485976,1444.934519,174976.4808,170339.7045,2.649942587,,
115.8615385,2.462393162,2.820512821,-12.61460075,-76.27643274,1.306096462,2019.999145,Perú,San Juan de Miraflores,Not found,Lima,15801,0.572837573,1.014350176,983.0257658,65243.26526,115529.2891,77.07465842,,
115.8615385,2.462393162,2.820512821,-12.61460075,-76.27643274,2.013675214,2019.999145,Perú,Santiago de Surco,Not found,Lima,15803,0.930571847,1.022526503,1444.934519,155789.2071,171183.5508,9.881521303,,
115.8615385,2.462393162,4.975457595,-15.92135223,-72.29918005,2.013675214,2019.999145,Perú,Cayma,Not found,Arequipa,4100,1.095378917,1.012855649,1302.124244,165255.5652,152805.6001,7.533764502,,
67.36908977,1.524653883,2.820512821,-12.61460075,-76.27643274,2.013675214,2019.999145,Perú,Surquillo,Not found,Lima,34,0.936399363,1.008469343,1555.604077,98134.30743,105687.2147,7.696500352,,
115.8615385,3.400132442,2.820512821,-12.61460075,-76.27643274,2.721253965,2019.999145,Perú,San Borja,Not found,Lima,41,0.95069554,1.007692456,1629.186942,179453.3905,190212.1344,5.995285947,,
115.8615385,2.462393162,2.820512821,-15.92135223,-72.29918005,1.306096462,2019.999145,Perú,Guardia Civil,Not found,Arequipa,4006,0.92215117,1.018079758,855.4150985,91394.13442,100901.5889,10.40269653,,
115.8615385,2.462393162,1.743040433,-12.61460075,-76.27643274,1.306096462,2019.999145,Perú,Miraflores,Not found,Lima,18,0.890425554,1.017137527,1955.684264,201760.2686,230471.7557,14.23049605,,
164.3539872,3.400132442,3.897985208,-12.61460075,-76.27643274,2.013675214,2019.999145,Perú,Magdalena,Not found,Lima,15076,0.986159546,1.009701014,1598.185182,259032.6611,265216.2538,2.387186508,,
115.8615385,2.462393162,2.820512821,-12.61460075,-76.27643274,2.721253965,2019.999145,Perú,Santiago de Surco,Not found,Lima,15039,1.104130882,1.019247651,1444.934519,184845.1306,170634.6306,7.687787068,,
67.36908977,2.462393162,2.820512821,-12.61460075,-76.27643274,2.013675214,2019.999145,Perú,Surquillo,Not found,Lima,34,0.852446317,1.006398797,1555.604077,89336.05917,105470.2223,18.06007926,,
115.8615385,1.524653883,3.897985208,-12.61460075,-76.27643274,2.013675214,2019.999145,Perú,Barrio Obrero Industrial,Not found,Lima,15108,0.782024427,1.021174431,821.7736391,74458.07692,97228.01711,30.58088676,,
115.8615385,2.462393162,2.820512821,-12.61460075,-76.27643274,2.721253965,2019.999145,Perú,Santiago de Surco,Not found,Lima,10853,0.627395941,1.018004656,1444.934519,105033.8203,170426.5379,62.25872514,,
67.36908977,2.462393162,2.820512821,-12.61460075,-76.27643274,2.721253965,2019.999145,Perú,Magdalena,Not found,Lima,17,1.326179993,1.006484866,1598.185182,142787.5202,108366.4954,24.10646584,,
67.36908977,1.524653883,2.820512821,-12.61460075,-76.27643274,2.013675214,2019.999145,Perú,San Miguel,Not found,Lima,15032,0.959497656,0.998623788,1278.446757,82639.41678,86009.26428,4.077772614,,
115.8615385,2.462393162,2.820512821,-12.61460075,-76.27643274,2.013675214,2019.999145,Perú,San Isidro,Not found,Lima,15073,0.854738483,1.020327449,1913.129968,189459.7777,226163.9267,19.37305612,,
115.8615385,2.462393162,2.820512821,-12.61460075,-72.29918005,2.721253965,2019.999145,Perú,Wanchaq,Not found,Cusco,8200,0.998415932,1.014133215,1094.23334,126578.7308,128571.361,1.574222004,,
115.8615385,2.462393162,2.820512821,-12.61460075,-76.27643274,1.306096462,2019.999145,Perú,Miraflores,Not found,Lima,15048,0.713541654,1.021868467,1955.684264,161680.3956,231543.7327,43.2107658,,
67.36908977,1.524653883,1.743040433,-12.61460075,-76.27643274,2.721253965,2019.999145,Perú,Santiago de Surco,Not found,Lima,10853,1.386164314,1.0202595,1444.934519,134934.6727,99316.06249,26.39692935,,
115.8615385,2.462393162,2.820512821,-12.61460075,-76.27643274,1.306096462,2019.999145,Perú,Monterrico,Not found,Lima,15023,1.090043508,1.021295786,1711.957453,216210.1563,202574.0439,6.306878747,,
67.36908977,1.524653883,2.820512821,-12.61460075,-76.27643274,2.013675214,2019.999145,Perú,San Juan de Miraflores,Not found,Lima,29,1.147215032,1.013604164,983.0257658,75974.94768,67126.49432,11.64654091,,
164.3539872,3.400132442,3.897985208,-15.92135223,-72.29918005,2.013675214,2019.999145,Perú,Ciudad Satélite,Not found,Arequipa,4002,1.091916622,1.015286446,898.0405151,161163.1146,149852.7658,7.017951284,,
115.8615385,2.462393162,2.820512821,-12.61460075,-76.27643274,2.013675214,2019.999145,Perú,Santiago de Surco,Not found,Lima,33,1.224145109,1.017485976,1444.934519,204936.9927,170339.7045,16.88191465,,
115.8615385,3.400132442,3.897985208,-15.92135223,-72.29918005,1.306096462,2019.999145,Perú,Cayma,Not found,Arequipa,4100,0.715510831,1.017965794,1302.124244,107946.3416,153576.5477,42.27119277,,
67.36908977,2.462393162,4.975457595,-12.61460075,-76.27643274,2.013675214,2019.999145,Perú,San Juan de Lurigancho,Not found,Lima,36,2.413787157,1.016225338,923.6903222,150205.5726,63237.84942,57.89913228,,
164.3539872,4.337871722,3.897985208,-12.61460075,-76.27643274,1.306096462,2019.999145,Perú,Monterrico,Not found,Lima,15023,1.061895549,1.028004289,1711.957453,298782.4003,289246.5169,3.191581382,,
212.8464359,2.462393162,4.975457595,-12.61460075,-76.27643274,2.013675214,2019.999145,Perú,La Libertad,Not found,Lima,7,0.683278435,1.010125995,996.5890282,144937.3104,214268.3529,47.83519331,,
115.8615385,2.462393162,2.820512821,-15.92135223,-72.29918005,2.721253965,2019.999145,Perú,La Libertad,Not found,Arequipa,4014,1.096239241,1.020930886,996.5890282,126578.7308,117883.1508,6.869700704,,
115.8615385,2.462393162,2.820512821,-12.61460075,-76.27643274,2.721253965,2019.999145,Perú,Miraflores,Not found,Lima,15074,0.763693982,1.011499047,1955.684264,173044.3408,229194.1404,32.44821494,,
115.8615385,1.524653883,2.820512821,-12.61460075,-76.27643274,2.013675214,2019.999145,Perú,Jesús María,Not found,Lima,11,1.108688488,1.009407878,1332.369836,171148.7064,155822.7171,8.954779524,,
67.36908977,2.462393162,1.743040433,-12.61460075,-76.27643274,2.013675214,2019.999145,Perú,Miraflores,Not found,Lima,15074,1.028584899,1.012767315,1955.684264,135518.8055,133434.7965,1.537800559,,
67.36908977,1.524653883,1.743040433,-12.61460075,-76.27643274,1.306096462,2019.999145,Perú,Breña,Not found,Lima,15082,1.068329453,1.019634247,1186.244558,85376.84746,81485.31086,4.558070157,,
115.8615385,2.462393162,2.820512821,-12.61460075,-76.27643274,2.721253965,2019.999145,Perú,San Isidro,Not found,Lima,15034,0.876501071,1.00935483,1913.129968,194283.6333,223731.7559,15.15728431,,
115.8615385,2.462393162,2.820512821,-12.61460075,-76.27643274,2.721253965,2019.999145,Perú,Pueblo Libre,Not found,Lima,15084,0.912612775,1.009566069,1401.497355,148189.7336,163932.9744,10.62370549,,
115.8615385,2.462393162,2.820512821,-12.61460075,-76.27643274,2.013675214,2019.999145,Perú,La Perla,Not found,Lima,7011,1,1.01648128,1377.5,159599.2692,162229.6695,1.648128033,,
67.36908977,1.524653883,2.820512821,-12.61460075,-76.27643274,2.721253965,2019.999145,Perú,Santiago de Surco,Not found,Lima,15038,0.806495601,1.019097447,1444.934519,78507.44594,99202.94378,26.36119108,,
115.8615385,2.462393162,2.820512821,-12.61460075,-76.27643274,2.013675214,2019.999145,Perú,Miraflores,Not found,Lima,1509,1.092967837,1.016306043,1955.684264,247654.0385,230283.3507,7.014094268,,
115.8615385,2.462393162,2.820512821,-12.61460075,-76.27643274,2.013675214,2019.999145,Perú,Santiago de Surco,Not found,Lima,33,1.05587253,1.017485976,1444.934519,176766.0872,170339.7045,3.635529186,,
115.8615385,2.462393162,2.820512821,-12.61460075,-76.27643274,2.013675214,2019.999145,Perú,San Miguel,Not found,Lima,15032,0.903989527,0.999387085,1278.446757,133901.4673,148032.0215,10.55294953,,
115.8615385,2.462393162,2.820512821,-12.61460075,-76.27643274,1.306096462,2019.999145,Perú,Independencia,Not found,Lima,28,1.065484593,1.015697122,683.5700281,84385.82051,80442.6789,4.672753776,,
212.8464359,2.462393162,3.897985208,-15.92135223,-72.29918005,2.013675214,2019.999145,Perú,Cayma,Not found,Arequipa,4100,0.6066714,1.01023829,1302.124244,168140.4979,279990.0721,66.52149574,,
67.36908977,2.462393162,1.743040433,-12.61460075,-76.27643274,2.721253965,2019.999145,Perú,Carmen de la Legua Reynoso,Not found,Lima,7006,0.987341772,1.018076539,1278.62963,85049.7331,87697.22943,3.112880236,,
212.8464359,3.400132442,3.897985208,-12.61460075,-76.27643274,2.013675214,2019.999145,Perú,Chorrillos,Not found,Lima,15064,0.869903725,1.010125995,1151.228929,213156.8369,247516.1972,16.11928606,,
212.8464359,4.337871722,3.897985208,-12.61460075,-76.27643274,1.306096462,2019.999145,Perú,Monterrico,Not found,Lima,15023,0.885618988,1.025684834,1711.957453,322705.4269,373743.1857,15.81558739,,
212.8464359,2.462393162,2.820512821,-15.92135223,-72.29918005,2.013675214,2019.999145,Perú,Cayma,Not found,Arequipa,4100,0.714316199,1.010966539,1302.124244,197974.5234,280191.9083,41.5292753,,
115.8615385,2.462393162,3.897985208,-12.61460075,-76.27643274,2.721253965,2019.999145,Perú,Jesús María,Not found,Lima,15046,1.003640253,1.008509874,1332.369836,154932.3665,155684.0919,0.485195859,,
164.3539872,4.337871722,4.975457595,-15.92135223,-72.29918005,2.721253965,2019.999145,Perú,La Libertad,Not found,Arequipa,4100,0.435931394,1.012127399,996.5890282,71402.67664,165779.7681,132.1758453,,
164.3539872,3.400132442,3.897985208,-12.61460075,-76.27643274,2.721253965,2019.999145,Perú,Surquillo,Not found,Lima,34,0.726516747,1.012375593,1555.604077,185748.3424,258833.7971,39.34649094,,
115.8615385,2.462393162,2.820512821,-12.61460075,-76.27643274,2.721253965,2019.999145,Perú,Chorrillos,Not found,Lima,15064,1.007087058,1.009937286,1151.228929,134328.449,134708.6214,0.28301707,,
164.3539872,2.462393162,2.820512821,-12.61460075,-76.27643274,2.721253965,2019.999145,Perú,Santa Rosa,Not found,Lima,15123,1,1.01158464,428.26,70386.23854,71201.63774,1.158463955,,
164.3539872,2.462393162,2.820512821,-12.61460075,-76.27643274,2.721253965,2019.999145,Perú,Santiago de Surco,Not found,Lima,15039,1.038668577,1.018015862,1444.934519,246663.792,241759.1697,1.988383586,,
115.8615385,2.462393162,3.897985208,-12.61460075,-76.27643274,2.721253965,2019.999145,Perú,Pueblo Libre,Not found,Lima,11,0.935428095,1.014689684,1401.497355,151894.4769,164764.9452,8.47329579,,
115.8615385,2.462393162,2.820512821,-12.61460075,-76.27643274,2.013675214,2019.999145,Perú,Magdalena,Not found,Lima,15076,1.179512875,1.012252808,1598.185182,218408.2689,187437.0242,14.18043595,,
67.36908977,2.462393162,3.897985208,-15.92135223,-72.29918005,2.721253965,2019.999145,Perú,Yanahuara,Not found,Arequipa,40404,1.806035929,1.008901596,1319.816691,160583.4122,89706.3332,44.1372356,,
115.8615385,2.462393162,2.820512821,-12.61460075,-76.27643274,2.013675214,2019.999145,Perú,Santa Anita,Not found,Lima,15002,0.765103337,1.087069631,976.1010647,86527.5035,122939.4994,42.08141281,,
115.8615385,2.462393162,2.820512821,-12.61460075,-76.27643274,2.013675214,2019.999145,Perú,San Juan de Miraflores,Not found,Lima,15801,1.152526213,1.012491584,983.0257658,131266.8319,115317.605,12.15023376,,
115.8615385,1.524653883,2.820512821,-12.61460075,-76.27643274,2.013675214,2019.999145,Perú,San Juan de Miraflores,Not found,Lima,29,0.713468608,1.013585448,983.0257658,81260.41975,115442.1905,42.06447725,,
115.8615385,1.524653883,2.820512821,-12.61460075,-76.27643274,2.013675214,2019.999145,Perú,Rímac,Not found,Lima,15093,0.548022664,1.01723659,1280.516063,81306.04604,150919.8258,85.61943811,,
67.36908977,2.462393162,2.820512821,-12.61460075,-76.27643274,2.013675214,2019.999145,Perú,Pueblo Libre,Not found,Lima,32,1.181096079,1.013676047,1401.497355,111516.2584,95708.86067,14.17497142,,
115.8615385,2.462393162,2.820512821,-12.61460075,-76.27643274,1.306096462,2019.999145,Perú,Santiago de Surco,Not found,Lima,15039,1.07798917,1.015253186,1444.934519,180468.6855,169965.9079,5.819722977,,
115.8615385,1.524653883,1.743040433,-12.61460075,-76.27643274,2.721253965,2019.999145,Perú,Surquillo,Not found,Lima,15038,0.758483484,1.012972355,1555.604077,136705.0292,182572.7499,33.5523286,,
115.8615385,2.462393162,2.820512821,-12.61460075,-76.27643274,2.013675214,2019.999145,Perú,Barranco,Not found,Lima,15049,0.841433985,1.012586713,2019.700267,196900.2479,236950.9412,20.34060079,,
115.8615385,2.462393162,3.897985208,-12.61460075,-72.29918005,2.721253965,2019.999145,Perú,Wanchaq,Not found,Cusco,8400,0.86990695,1.013563156,1094.23334,110286.4189,128499.0892,16.51397379,,
164.3539872,4.337871722,3.897985208,-12.61460075,-76.27643274,1.306096462,2019.999145,Perú,Monterrico,Not found,Lima,15023,1.067018523,1.028004289,1711.957453,300223.8361,289246.5169,3.656378311,,
115.8615385,4.337871722,1.743040433,-12.61460075,-76.27643274,2.013675214,2019.999145,Perú,Miraflores,Not found,Lima,10574,0.855654604,1.015753746,1955.684264,193881.5681,230158.2066,18.71072061,,
115.8615385,2.462393162,2.820512821,-12.61460075,-76.27643274,2.013675214,2019.999145,Perú,Carabayllo,Not found,Lima,15316,1.18856615,1.008701682,725.7899365,99947.88092,84822.873,15.13289504,,
115.8615385,3.400132442,2.820512821,-12.61460075,-76.27643274,2.013675214,2019.999145,Perú,Miraflores,Not found,Lima,15074,1.076003482,1.014791727,1955.684264,243810.1091,229940.2241,5.688806363,,
67.36908977,1.524653883,2.820512821,-12.61460075,-76.27643274,2.721253965,2019.999145,Perú,Santa Beatriz,Not found,Lima,15106,1.07590933,1.010850787,1162.071104,84230.43728,79137.15537,6.046842544,,
