Area,Baths,Beds,Latitude,Longitude,Month,Year,country,suburb,municipality,state,postcode,Price,Prediction
97.0,2.0,3.0,-12.049132347106934,-77.06187438964844,1.0,2020.0,Perú,Not found,Not found,Lima,15081.0,74290.0,89998.6015625
100.0,3.0,4.0,-13.531047821044922,-71.9631118774414,3.0,2020.0,Perú,Wanchaq,Not found,Cusco,8200.0,135470.0,93108.2421875
90.0,2.0,3.0,-12.133318901062012,-76.93959045410156,1.0,2020.0,Perú,Not found,Not found,Lima,15811.0,65550.0,55052.09375
67.0,2.0,3.0,-12.089509010314941,-77.08438873291016,2.0,2020.0,Perú,Not found,Not found,Lima,15032.0,69920.0,75267.734375
88.0,2.0,2.0,-12.121899604797363,-77.04071044921875,2.0,2020.0,Perú,Miraflores,Not found,Lima,1509.0,113620.0,191521.65625
100.0,2.0,3.0,-12.068382263183594,-76.96809387207031,2.0,2020.0,Perú,Not found,Not found,Lima,15022.0,139840.0,114256.8828125
90.0,1.0,0.9999998807907104,-12.111062049865723,-77.0315933227539,2.0,2020.0,Perú,Miraflores,Not found,Lima,18.0,220899.13,131092.359375
94.0,2.0,3.0,-16.390884399414062,-71.5638656616211,2.0,2020.0,Perú,Pachacutec,Not found,Arequipa,4014.0,69920.0,61233.1484375
87.0,1.0,3.0,-12.045231819152832,-77.03644561767578,1.0,2020.0,Perú,Not found,Not found,Lima,15001.0,104880.0,58017.0
81.0,1.0,2.0,-12.164411544799805,-76.9666976928711,2.0,2020.0,Perú,San Juan de Miraflores,Not found,Lima,29.0,56810.000000000015,48376.671875
141.0,2.0,3.0,-12.075003623962402,-76.98130798339844,3.0,2020.0,Perú,San Luis,Not found,Lima,15022.0,185288.0,156133.359375
60.0,1.0,2.0,-14.040002822875977,-75.76612854003906,3.0,2020.0,Perú,Not found,Not found,Ica,1.0,42826.000000000015,64385.4140625
140.0,4.0,4.0,-12.200912475585938,-76.95234680175781,1.0,2020.0,Perú,Not found,Not found,Lima,15829.0,91770.0,206537.296875
100.0,3.0,3.0,-12.09353256225586,-76.9449234008789,2.0,2020.0,Perú,Not found,Not found,Lima,12.0,109250.0,140045.421875
93.0,2.0,2.0,-18.004919052124023,-70.25311279296875,1.0,2020.0,Perú,Leoncio Prado,Not found,Tacna,23001.0,85652.0,54980.9140625
120.0,4.0,3.0,-11.967734336853027,-77.08109283447266,1.0,2020.0,Perú,Not found,Not found,Lima,15306.0,78660.0,167604.1875
108.0,2.0,3.0,-12.384702682495117,-76.77904510498047,2.0,2020.0,Perú,Not found,Not found,Lima,15851.0,83030.0,144025.4375
245.0,2.0,2.0,-12.141609191894531,-76.99181365966797,2.0,2020.0,Perú,Santiago de Surco,Not found,Lima,33.0,358340.0,333135.28125
120.0,4.0,5.0,-12.737157821655273,-76.62999725341797,2.0,2020.0,Perú,Not found,Not found,Lima,14043.0,161690.0,151793.65625
130.0,1.0,3.0,-11.987854957580566,-77.08427429199219,2.0,2020.0,Perú,Barrio Obrero Industrial,Not found,Lima,15301.0,117990.0,72762.265625
255.0,5.0,5.0,-12.085040092468262,-76.9150161743164,3.0,2020.0,Perú,La Molina,Not found,Lima,15026.0,393300.0,363075.84375
71.0,2.0,3.0,-12.167259216308594,-76.9987564086914,2.0,2020.0,Perú,Not found,Not found,Lima,15054.0,84778.0,75461.296875
41.999996185302734,1.0,0.9999998807907104,-12.070008277893066,-77.01677703857422,2.0,2020.0,Perú,Not found,Not found,Lima,15018.0,30590.0,51491.265625
72.0,2.0,3.0,-12.067399024963379,-77.04605102539062,1.0,2020.0,Perú,Jesús María,Not found,Lima,15083.0,88991.7,81433.5546875
105.0,1.0,2.0,-12.146989822387695,-76.97349548339844,1.0,2020.0,Perú,San Juan de Miraflores,Not found,Lima,29.0,61180.0,50966.7109375
66.0,2.0,3.0,-12.01484203338623,-77.05716705322266,1.0,2020.0,Perú,Not found,Not found,Lima,15028.0,76912.0,50970.8828125
160.0,2.0,3.0,-12.225316047668457,-76.85733795166016,2.0,2020.0,Perú,Pachacámac,Not found,Lima,15088.0,139840.0,183141.96875
140.0,2.0,3.0,-11.999475479125977,-77.00342559814453,3.0,2020.0,Perú,San Juan de Lurigancho,Not found,Lima,36.0,103132.0,101783.6015625
106.0,1.0,0.9999998807907104,-12.114940643310547,-77.04074096679688,3.0,2020.0,Perú,Miraflores,Not found,Lima,15073.0,279680.0,248465.265625
98.0,2.0,3.0,-6.772477626800537,-79.84874725341797,3.0,2020.0,Perú,Not found,Not found,Lambayeque,140.0,78660.0,67848.109375
148.0,3.0,4.0,-6.772586822509766,-79.91775512695312,3.0,2020.0,Perú,Not found,Not found,Lambayeque,14000.0,34719.999999999985,100448.484375
120.0,2.0,2.0,-12.062087059020996,-77.0749740600586,3.0,2020.0,Perú,Not found,Not found,Lima,15081.0,91770.0,112533.96875
80.0,1.0,2.0,-11.987272262573242,-77.00198364257812,3.0,2020.0,Perú,San Juan de Lurigancho,Not found,Lima,36.0,59432.0,51883.109375
160.0,1.0,3.0,-11.830913543701172,-77.1143569946289,2.0,2020.0,Perú,Not found,Not found,Lima,7056.0,40204.0,83626.171875
74.0,2.0,2.0,-11.945042610168457,-77.05250549316406,2.0,2020.0,Perú,La Libertad,Not found,Lima,7.0,68172.0,48782.2265625
181.0,3.0,3.0,-12.062911033630371,-77.05754852294922,1.0,2020.0,Perú,Breña,Not found,Lima,15081.0,250838.0,157951.203125
88.0,1.0,0.9999998807907104,-12.118921279907227,-77.03368377685547,1.0,2020.0,Perú,Miraflores,Not found,Lima,15074.0,218500.0,151940.859375
115.0,3.0,3.0,-12.148837089538574,-76.98858642578125,2.0,2020.0,Perú,Not found,Not found,Lima,33.0,135470.0,201166.71875
130.0,4.0,2.0,-12.123575210571289,-77.02511596679688,2.0,2020.0,Perú,Miraflores,Not found,Lima,10574.0,284924.0,274615.34375
150.0,2.0,4.0,-12.031401634216309,-77.02650451660156,2.0,2020.0,Perú,Rímac,Not found,Lima,15025.0,109250.0,98770.8984375
65.0,1.0,2.0,-12.066900253295898,-77.04512023925781,1.0,2020.0,Perú,Jesús María,Not found,Lima,15083.0,83030.0,60879.5390625
135.0,4.0,4.0,-12.096199035644531,-76.97554779052734,1.0,2020.0,Perú,Monterrico,Not found,Lima,15023.0,258157.75,252828.859375
81.0,1.0,2.0,-9.533614158630371,-77.52111053466797,2.0,2020.0,Perú,Soledad,Not found,Ancash,2001.0,83904.0,48187.984375
61.999996185302734,2.0,3.0,-12.079323768615723,-77.0471420288086,2.0,2020.0,Perú,Jesús María,Not found,Lima,11.0,201020.0,115904.7109375
69.0,1.0,3.0,-12.141621589660645,-76.99546813964844,2.0,2020.0,Perú,Not found,Not found,Lima,33.0,91770.0,83487.515625
210.0,5.0,4.0,-12.101540565490723,-76.95083618164062,2.0,2020.0,Perú,Not found,Not found,Lima,12.0,358340.0,318349.53125
61.999996185302734,2.0,3.0,-12.17373275756836,-76.99993896484375,2.0,2020.0,Perú,Not found,Not found,Lima,15054.0,58558.0,70369.4375
47.999996185302734,1.0,2.0,-12.120198249816895,-77.00497436523438,1.0,2020.0,Perú,Surquillo,Not found,Lima,15048.0,63802.0,96833.4921875
46.999996185302734,1.0,2.0,-12.022400856018066,-76.9737548828125,1.0,2020.0,Perú,Not found,Not found,Lima,3.0,34960.0,55767.7265625
67.0,2.0,3.0,-12.060452461242676,-77.04940795898438,2.0,2020.0,Perú,Breña,Not found,Lima,15083.0,67651.052,66561.4921875
75.0,2.0,3.0,-12.158709526062012,-76.9929428100586,1.0,2020.0,Perú,Not found,Not found,Lima,15054.0,78660.0,71345.234375
120.0,4.0,4.0,-5.177791118621826,-80.61148834228516,1.0,2020.0,Perú,Not found,Not found,Piura,20011.0,139840.0,128213.6015625
114.0,3.0,3.0,-12.181321144104004,-77.01231384277344,2.0,2020.0,Perú,Chorrillos,Not found,Lima,15064.0,122360.0,116887.796875
100.0,3.0,3.0,-8.1014986038208,-79.03875732421875,1.0,2020.0,Perú,Not found,Not found,La Libertad,13001.0,69920.0,78523.875
120.0,4.0,1.935461568791652e-08,-12.16499137878418,-76.99517059326172,2.0,2020.0,Perú,Not found,Not found,Lima,15054.0,279680.0,136654.703125
112.0,3.0,5.0,-11.868879318237305,-77.04447174072266,2.0,2020.0,Perú,Not found,Not found,Lima,6.0,56810.000000000015,73775.6484375
205.0,1.0,0.9999998807907104,-4.890710353851318,-80.68391418457031,2.0,2020.0,Perú,Not found,Not found,Piura,20100.0,126730.0,109848.78125
73.0,3.0,3.0,-12.057052612304688,-77.05168151855469,2.0,2020.0,Perú,Breña,Not found,Lima,5.0,65550.0,86606.8359375
120.0,2.0,3.0,-12.108697891235352,-76.95289611816406,2.0,2020.0,Perú,Not found,Not found,Lima,12.0,144210.0,137263.1875
165.0,3.0,3.0,-12.128889083862305,-76.97640991210938,2.0,2020.0,Perú,Santiago de Surco,Not found,Lima,10853.0,191406.0,206734.046875
80.0,1.0,3.0,-12.085022926330566,-77.0796127319336,2.0,2020.0,Perú,Not found,Not found,Lima,32.0,96140.0,85855.5859375
61.999996185302734,1.0,2.0,-12.083209037780762,-77.07771301269531,2.0,2020.0,Perú,Not found,Not found,Lima,32.0,78660.0,69469.734375
80.0,2.0,3.0,-12.083796501159668,-77.04606628417969,2.0,2020.0,Perú,Jesús María,Not found,Lima,1079.0,179170.0,130069.2265625
85.0,2.0,3.0,-16.434110641479492,-71.5219497680664,2.0,2020.0,Perú,Ciudad Satélite,Not found,Arequipa,4009.0,76912.0,60562.3515625
93.0,2.0,3.0,-12.086092948913574,-77.07025146484375,2.0,2020.0,Perú,Magdalena,Not found,Lima,15086.0,113620.0,121898.6171875
63.0,1.0,2.0,-12.014650344848633,-76.98599243164062,2.0,2020.0,Perú,Not found,Not found,Lima,15427.0,45448.0,49943.5078125
93.0,3.0,3.0,-12.104016304016113,-76.93701934814453,2.0,2020.0,Perú,Not found,Not found,Lima,12.0,135470.0,133864.15625
180.0,3.0,3.0,-12.784786224365234,-76.59120178222656,3.0,2020.0,Perú,Not found,Not found,Lima,14043.0,262200.0,169627.84375
250.0,4.0,3.0,-12.116345405578613,-76.97932434082031,1.0,2020.0,Perú,Santiago de Surco,Not found,Lima,33.0,292790.0,347546.8125
90.0,2.0,3.0,-12.06186294555664,-77.07852172851562,2.0,2020.0,Perú,Not found,Not found,Lima,2.0,83030.0,78417.6328125
250.0,4.0,2.0,-12.113204002380371,-77.03230285644531,1.0,2020.0,Perú,Miraflores,Not found,Lima,18.0,304190.817,359137.5625
179.0,3.0,4.0,-12.070748329162598,-76.93987274169922,2.0,2020.0,Perú,Not found,Not found,Lima,15012.0,415150.0,269275.65625
71.0,2.0,2.0,-12.07586669921875,-76.97743225097656,1.0,2020.0,Perú,Not found,Not found,Lima,15022.0,76912.0,77829.0625
234.0,2.0,3.0,-12.080723762512207,-77.05084228515625,1.0,2020.0,Perú,Jesús María,Not found,Lima,11.0,209760.0,196074.890625
148.0,3.0,3.0,-12.145373344421387,-77.00736236572266,3.0,2020.0,Perú,Not found,Not found,Lima,15049.0,122360.0,219754.671875
100.0,3.0,3.0,-12.08126449584961,-76.9848403930664,2.0,2020.0,Perú,Not found,Not found,Lima,15022.0,164312.0,138199.65625
52.0,1.0,0.9999998807907104,-11.455039024353027,-77.24788665771484,2.0,2020.0,Perú,Not found,Not found,Lima,14043.0,23598.0,51662.0
58.0,2.0,2.0,-12.116960525512695,-77.02400207519531,2.0,2020.0,Perú,Surquillo,Not found,Lima,34.0,76912.0,87760.8984375
144.0,3.0,3.0,-12.099990844726562,-77.06109619140625,2.0,2020.0,Perú,Magdalena,Not found,Lima,15076.0,227240.0,233500.59375
67.0,2.0,3.0,-12.060578346252441,-77.04927825927734,2.0,2020.0,Perú,Breña,Not found,Lima,15083.0,66581.459,66561.8359375
115.0,3.0,2.0,-11.962441444396973,-77.09398651123047,2.0,2020.0,Perú,Not found,Not found,Lima,31.0,61180.0,100131.90625
160.0,3.0,6.0,-12.160710334777832,-76.9682388305664,1.0,2020.0,Perú,San Juan de Miraflores,Not found,Lima,29.0,187910.0,134121.453125
148.0,3.0,3.0,-12.09073257446289,-76.98648071289062,1.0,2020.0,Perú,Not found,Not found,Lima,41.0,227240.0,211956.109375
105.0,2.0,3.0,-12.14204216003418,-77.00969696044922,2.0,2020.0,Perú,Not found,Not found,Lima,15049.0,113620.0,126578.75
90.0,3.0,4.0,-11.969261169433594,-77.01073455810547,3.0,2020.0,Perú,Not found,Not found,Lima,15423.0,104880.0,123811.75
83.0,1.0,2.0,-12.020745277404785,-77.00789642333984,3.0,2020.0,Perú,Not found,Not found,Lima,15401.0,75164.0,52941.484375
137.0,4.0,3.0,-12.080301284790039,-76.97578430175781,2.0,2020.0,Perú,Not found,Not found,Lima,10051.0,249090.0,258514.1875
235.0,2.0,3.0,-12.324322700500488,-76.83696746826172,2.0,2020.0,Perú,Not found,Not found,Lima,15846.0,243846.0,223366.3125
151.0,4.0,4.0,-16.421072006225586,-71.51383972167969,2.0,2020.0,Perú,Paucarpata,Not found,Arequipa,4006.0,104880.0,156054.1875
160.0,2.0,5.0,-17.632247924804688,-71.33300018310547,2.0,2020.0,Perú,Not found,Not found,Moquegua,18601.0,87400.0,171600.671875
120.0,3.0,2.0,-12.106454849243164,-77.03295135498047,3.0,2020.0,Perú,Miraflores,Not found,Lima,15073.0,288420.0,317789.9375
84.0,1.0,3.0,-12.07165241241455,-77.02350616455078,2.0,2020.0,Perú,La Victoria,Not found,Lima,15106.0,68172.0,56910.15625
149.0,3.0,3.0,-11.998929023742676,-77.06510162353516,2.0,2020.0,Perú,Las Palmeras,Not found,Lima,28.0,109250.0,243210.5625
112.0,3.0,2.0,-12.127059936523438,-77.03141784667969,2.0,2020.0,Perú,Miraflores,Not found,Lima,15074.0,249264.8,240636.40625
99.0,1.0,3.0,-12.094619750976562,-77.07613372802734,2.0,2020.0,Perú,Magdalena,Not found,Lima,17.0,122360.0,115325.484375
130.0,3.0,2.0,-12.110871315002441,-77.02669525146484,2.0,2020.0,Perú,Miraflores,Not found,Lima,34.0,209760.0,182152.578125
200.0,2.0,4.0,-12.442301750183105,-76.77706909179688,2.0,2020.0,Perú,Not found,Not found,Lima,14043.0,244720.0,168398.390625
160.0,2.0,3.0,-11.942346572875977,-77.05956268310547,1.0,2020.0,Perú,Not found,Not found,Lima,15314.0,113620.0,115000.1953125
72.0,1.0,2.0,-11.992827415466309,-77.09745788574219,2.0,2020.0,Perú,Barrio Obrero Industrial,Not found,Lima,15108.0,61180.0,49150.421875
95.0,2.0,2.0,-16.384414672851562,-71.53890228271484,3.0,2020.0,Perú,Yanahuara,Not found,Arequipa,4100.0,84778.0,123584.1875
64.0,2.0,3.0,-12.177729606628418,-76.99254608154297,2.0,2020.0,Perú,Not found,Not found,Lima,15054.0,52440.0,71462.5234375
99.0,4.0,5.0,-16.372119903564453,-71.55750274658203,2.0,2020.0,Perú,La Libertad,Not found,Arequipa,4100.0,152950.0,122840.7109375
30.000003814697266,1.0,0.9999998807907104,-8.103711128234863,-79.0373764038086,1.0,2020.0,Perú,Not found,Not found,La Libertad,13001.0,52440.0,46498.984375
60.999996185302734,1.0,3.0,-12.181050300598145,-76.99691009521484,2.0,2020.0,Perú,Not found,Not found,Lima,15067.0,49730.600000000006,52261.890625
136.0,1.0,3.0,-12.11974811553955,-76.97743225097656,2.0,2020.0,Perú,Santiago de Surco,Not found,Lima,33.0,161690.0,162384.796875
69.0,2.0,2.0,-12.387170791625977,-76.7822494506836,1.0,2020.0,Perú,Not found,Not found,Lima,15851.0,52440.0,89410.8671875
105.0,3.0,3.0,-12.123064994812012,-76.99234008789062,2.0,2020.0,Perú,Santiago de Surco,Not found,Lima,15038.0,160816.0,156996.59375
129.0,3.0,4.0,-6.784181118011475,-79.8525161743164,3.0,2020.0,Perú,Not found,Not found,Lambayeque,14820.0,96140.0,96834.7421875
118.0,3.0,3.0,-16.37090301513672,-71.54402923583984,1.0,2020.0,Perú,Cayma,Not found,Arequipa,4100.0,117028.6,145648.5
73.0,2.0,2.0,-12.084432601928711,-77.0989990234375,3.0,2020.0,Perú,San Miguel,Not found,Lima,18.0,66948.4,81470.578125
178.0,4.0,4.0,-12.706827163696289,-76.6366958618164,1.0,2020.0,Perú,Not found,Not found,Lima,15608.0,258704.0,254320.375
79.0,2.0,3.0,-12.11715316772461,-77.04331970214844,3.0,2020.0,Perú,Miraflores,Not found,Lima,15074.0,117990.0,173820.953125
47.999996185302734,1.0,2.0,-5.20438814163208,-80.63338470458984,3.0,2020.0,Perú,Not found,Not found,Piura,1.0,41952.0,51415.65625
140.0,1.0,3.0,-6.789894104003906,-79.85133361816406,1.0,2020.0,Perú,Not found,Not found,Lambayeque,14820.0,89148.0,58811.1328125
131.0,3.0,3.0,-12.095549583435059,-77.05955505371094,3.0,2020.0,Perú,Not found,Not found,Lima,15076.0,218500.0,186208.71875
78.0,1.0,4.0,-12.089025497436523,-77.03400421142578,1.0,2020.0,Perú,Lince,Not found,Lima,14.0,56810.000000000015,80922.9375
70.0,3.0,5.0,-12.202359199523926,-77.02193450927734,3.0,2020.0,Perú,Not found,Not found,Lima,15066.0,113620.0,92736.34375
132.0,3.0,3.0,-12.32526683807373,-76.83506774902344,3.0,2020.0,Perú,Not found,Not found,Lima,15846.0,174800.0,136364.828125
71.0,1.0,3.0,-18.04140853881836,-70.24620819091797,2.0,2020.0,Perú,Alfonso Ugarte,Not found,Tacna,23004.0,49818.000000000015,47384.0703125
83.0,2.0,3.0,-12.083224296569824,-77.05209350585938,2.0,2020.0,Perú,Jesús María,Not found,Lima,15072.0,111723.101,142843.65625
67.0,2.0,3.0,-12.060452461242676,-77.04936218261719,2.0,2020.0,Perú,Breña,Not found,Lima,15083.0,67651.052,66561.3359375
90.0,3.0,3.0,-12.13766098022461,-77.0214614868164,2.0,2020.0,Perú,Barranco,Not found,Lima,15049.0,164312.0,149956.796875
77.0,2.0,2.0,-16.393524169921875,-71.53063201904297,2.0,2020.0,Perú,Not found,Not found,Arequipa,4020.0,52352.600000000006,66564.140625
57.0,5.0,3.0,-8.14150619506836,-79.02824401855469,2.0,2020.0,Perú,Not found,Not found,La Libertad,13008.0,201020.0,82002.078125
107.0,2.0,3.0,-16.394180297851562,-71.55026245117188,2.0,2020.0,Perú,Yanahuara,Not found,Arequipa,4014.0,111872.0,140970.75
161.0,1.0,3.0,-11.996207237243652,-77.06466674804688,2.0,2020.0,Perú,Las Palmeras,Not found,Lima,28.0,218500.0,186606.40625
113.0,3.0,3.0,-12.09870433807373,-77.01122283935547,2.0,2020.0,Perú,San Borja,Not found,Lima,41.0,199272.0,190678.375
120.0,4.0,5.0,-11.929744720458984,-77.07752227783203,1.0,2020.0,Perú,Not found,Not found,Lima,15314.0,126730.0,135784.90625
162.0,3.0,4.0,-11.967101097106934,-77.07652282714844,2.0,2020.0,Perú,Not found,Not found,Lima,15306.0,120612.0,198053.9375
159.0,2.0,5.0,-12.182280540466309,-76.96537780761719,2.0,2020.0,Perú,Not found,Not found,Lima,29.0,126730.0,128909.9453125
108.0,2.0,3.0,-12.099814414978027,-77.0612564086914,2.0,2020.0,Perú,Magdalena,Not found,Lima,15076.0,183540.0,172949.984375
71.0,2.0,0.9999998807907104,-12.386096954345703,-76.78302001953125,3.0,2020.0,Perú,Not found,Not found,Lima,15851.0,84233.49799999999,100188.15625
122.0,2.0,4.0,-12.38591480255127,-76.78318786621094,2.0,2020.0,Perú,Not found,Not found,Lima,15851.0,165186.0,164859.953125
75.0,2.0,2.0,-12.0969877243042,-77.01573944091797,2.0,2020.0,Perú,Not found,Not found,Lima,15036.0,110298.8,142030.484375
68.0,3.0,4.0,-12.06412410736084,-77.05638885498047,2.0,2020.0,Perú,Breña,Not found,Lima,15081.0,131100.0,110812.609375
141.0,1.0,1.935461568791652e-08,-18.012502670288086,-70.24742889404297,2.0,2020.0,Perú,Jesús María,Not found,Tacna,23003.0,184414.0,118973.6328125
51.0,2.0,2.0,-12.12146282196045,-77.0002670288086,3.0,2020.0,Perú,Surquillo,Not found,Lima,15038.0,69745.2,93276.4609375
120.0,5.0,4.0,-11.960192680358887,-77.07615661621094,1.0,2020.0,Perú,Not found,Not found,Lima,31.0,179170.0,162869.25
187.0,3.0,3.0,-12.130718231201172,-77.01400756835938,3.0,2020.0,Perú,Not found,Not found,Lima,15048.0,292790.0,338830.46875
215.0,5.0,4.0,-12.096923828125,-76.97579193115234,1.0,2020.0,Perú,Monterrico,Not found,Lima,15023.0,325970.536,341173.5625
90.0,2.0,3.0,-12.157367706298828,-76.98572540283203,2.0,2020.0,Perú,Not found,Not found,Lima,15056.0,87400.0,100729.7578125
77.0,3.0,3.0,-12.055279731750488,-76.97942352294922,2.0,2020.0,Perú,Santa Anita,Not found,Lima,15002.0,57505.0,52119.5
93.0,2.0,3.0,-11.81334114074707,-77.1292953491211,2.0,2020.0,Perú,Not found,Not found,Lima,15123.0,39329.999999999985,54503.125
143.0,3.0,3.0,-12.388898849487305,-76.78172302246094,2.0,2020.0,Perú,Not found,Not found,Lima,14043.0,187910.0,140460.875
158.0,4.0,3.0,-12.09378433227539,-77.0013198852539,3.0,2020.0,Perú,San Borja,Not found,Lima,41.0,244720.0,267159.21875
53.999996185302734,2.0,0.9999998807907104,-12.036806106567383,-77.07870483398438,3.0,2020.0,Perú,Carmen de la Legua Reynoso,Not found,Lima,7006.0,68172.0,57165.171875
59.0,1.0,0.9999998807907104,-12.127158164978027,-76.9749984741211,2.0,2020.0,Perú,Santiago de Surco,Not found,Lima,15023.0,96140.0,88657.0
120.0,3.0,3.0,-12.119169235229492,-76.97435760498047,1.0,2020.0,Perú,Santiago de Surco,Not found,Lima,15023.0,187910.0,202024.75
164.0,4.0,6.0,-12.165287971496582,-76.97015380859375,2.0,2020.0,Perú,San Juan de Miraflores,Not found,Lima,29.0,183540.0,180075.359375
100.0,2.0,2.0,-12.037186622619629,-76.965576171875,3.0,2020.0,Perú,Santa Anita,Not found,Lima,3.0,74290.0,78106.421875
46.999996185302734,1.0,0.9999998807907104,-12.074626922607422,-77.02188110351562,1.0,2020.0,Perú,La Victoria,Not found,Lima,15106.0,36708.0,47307.1328125
77.0,2.0,3.0,-12.083150863647461,-77.09864807128906,2.0,2020.0,Perú,San Miguel,Not found,Lima,18.0,81809.0,83715.625
167.0,3.0,3.0,-16.376768112182617,-71.56035614013672,3.0,2020.0,Perú,La Libertad,Not found,Arequipa,4100.0,133853.1,128032.4140625
148.0,2.0,2.0,-12.107213020324707,-76.98365783691406,3.0,2020.0,Perú,Not found,Not found,Lima,51132.0,235980.0,178120.078125
200.0,2.0,0.9999998807907104,-12.242271423339844,-76.9465560913086,2.0,2020.0,Perú,Not found,Not found,Lima,15842.0,69920.0,130468.75
71.0,1.0,2.0,-12.406917572021484,-76.77561950683594,2.0,2020.0,Perú,Not found,Not found,Lima,14043.0,140277.0,62207.4296875
134.0,3.0,3.0,-12.09870433807373,-77.01122283935547,2.0,2020.0,Perú,San Borja,Not found,Lima,41.0,234232.0,216020.921875
252.0,4.0,2.0,-12.113204002380371,-77.03230285644531,1.0,2020.0,Perú,Miraflores,Not found,Lima,18.0,307520.465,359455.25
158.0,2.0,3.0,-12.00312328338623,-77.05670928955078,1.0,2020.0,Perú,Independencia,Not found,Lima,28.0,131100.0,91328.0
160.0,3.0,3.0,-16.402767181396484,-71.56195068359375,1.0,2020.0,Perú,Yanahuara,Not found,Arequipa,4014.0,96140.0,208896.84375
157.0,3.0,4.0,-12.175695419311523,-77.01512145996094,3.0,2020.0,Perú,Chorrillos,Not found,Lima,15064.0,262200.0,134285.515625
70.0,1.0,3.0,-12.156449317932129,-76.99166107177734,3.0,2020.0,Perú,Not found,Not found,Lima,15056.0,78660.0,78115.6484375
110.0,2.0,3.0,-12.114282608032227,-76.978271484375,2.0,2020.0,Perú,Not found,Not found,Lima,51132.0,227240.0,146634.296875
90.0,3.0,3.0,-16.36737632751465,-71.55962371826172,2.0,2020.0,Perú,La Libertad,Not found,Arequipa,4100.0,187910.0,108458.0234375
60.999996185302734,2.0,2.0,-12.068448066711426,-77.0478515625,1.0,2020.0,Perú,Breña,Not found,Lima,11.0,79053.1,90838.6171875
89.0,2.0,2.0,-12.11640453338623,-76.9751968383789,2.0,2020.0,Perú,Santiago de Surco,Not found,Lima,15023.0,166060.0,143358.796875
213.0,3.0,4.0,-12.13364315032959,-76.98285675048828,2.0,2020.0,Perú,Santiago de Surco,Not found,Lima,15803.0,260307.79,227250.15625
76.0,3.0,3.0,-11.825810432434082,-77.04045104980469,1.0,2020.0,Perú,Not found,Not found,Lima,14043.0,54188.0,87755.578125
128.0,3.0,4.0,-6.805425643920898,-79.8268051147461,3.0,2020.0,Perú,Not found,Not found,Lambayeque,14008.0,81282.0,141212.46875
94.0,1.0,2.0,-12.133277893066406,-77.01954650878906,2.0,2020.0,Perú,Not found,Not found,Lima,15049.0,96140.0,87470.8125
156.0,3.0,3.0,-16.376768112182617,-71.56035614013672,3.0,2020.0,Perú,La Libertad,Not found,Arequipa,4100.0,132640.862,126166.484375
88.0,3.0,3.0,-12.052360534667969,-77.07694244384766,2.0,2020.0,Perú,Not found,Not found,Lima,15081.0,87400.0,106725.5625
198.0,3.0,3.0,-12.12486743927002,-76.9808120727539,3.0,2020.0,Perú,Santiago de Surco,Not found,Lima,15039.0,297160.0,277806.3125
110.0,3.0,3.0,-12.131799697875977,-77.0125961303711,3.0,2020.0,Perú,Not found,Not found,Lima,15049.0,214130.0,162661.234375
120.0,3.0,2.0,-11.967101097106934,-77.07652282714844,2.0,2020.0,Perú,Not found,Not found,Lima,15306.0,89148.0,128649.1796875
200.0,5.0,5.0,-12.706254959106445,-76.6402816772461,2.0,2020.0,Perú,Not found,Not found,Lima,15608.0,314640.0,294021.125
160.0,3.0,6.0,-12.160181999206543,-76.96237182617188,2.0,2020.0,Perú,San Juan de Miraflores,Not found,Lima,29.0,192280.0,137800.03125
171.0,2.0,2.0,-12.141609191894531,-76.99181365966797,2.0,2020.0,Perú,Santiago de Surco,Not found,Lima,33.0,256082.0,241371.546875
57.0,1.0,2.0,-16.385805130004883,-71.54873657226562,2.0,2020.0,Perú,Cayma,Not found,Arequipa,4100.0,78660.0,71180.078125
160.0,3.0,4.0,-12.095844268798828,-77.02964782714844,3.0,2020.0,Perú,San Isidro,Not found,Lima,27.0,419520.0,310546.8125
106.0,3.0,3.0,-12.09847640991211,-76.96672821044922,3.0,2020.0,Perú,Monterrico,Not found,Lima,15023.0,187910.0,196319.703125
60.999996185302734,2.0,3.0,-12.083150863647461,-77.09864807128906,1.0,2020.0,Perú,San Miguel,Not found,Lima,18.0,78660.0,68773.2265625
58.0,3.0,2.0,-8.106042861938477,-79.03297424316406,2.0,2020.0,Perú,Not found,Not found,La Libertad,13001.0,36708.0,57257.8828125
88.0,4.0,3.0,-16.391939163208008,-71.51100158691406,3.0,2020.0,Perú,Miraflores,Not found,Arequipa,4004.0,69920.0,119247.1875
180.0,3.0,4.0,-16.401700973510742,-71.54077911376953,2.0,2020.0,Perú,Not found,Not found,Arequipa,54.0,297160.0,165933.578125
100.0,2.0,3.0,-16.65931510925293,-72.64320373535156,2.0,2020.0,Perú,Not found,Not found,Arequipa,14043.0,50692.0,89665.859375
90.0,2.0,2.0,-12.115885734558105,-77.03579711914062,2.0,2020.0,Perú,Miraflores,Not found,Lima,18.0,231610.0,166966.15625
155.0,3.0,3.0,-12.101852416992188,-77.03726196289062,2.0,2020.0,Perú,San Isidro,Not found,Lima,15073.0,253460.0,311805.75
222.0,5.0,3.0,-12.124658584594727,-76.97460174560547,3.0,2020.0,Perú,Santiago de Surco,Not found,Lima,15023.0,275310.0,333245.46875
173.0,2.0,3.0,-12.390046119689941,-76.77799224853516,2.0,2020.0,Perú,Not found,Not found,Lima,14043.0,188631.05,143761.609375
107.0,2.0,2.0,-12.076509475708008,-77.05070495605469,1.0,2020.0,Perú,Jesús María,Not found,Lima,11.0,15732.000000000015,122714.8359375
68.0,2.0,3.0,-12.204302787780762,-77.00826263427734,3.0,2020.0,Perú,Not found,Not found,Lima,15067.0,56810.000000000015,66438.6953125
70.0,4.0,6.0,-12.06424331665039,-77.05294799804688,3.0,2020.0,Perú,Breña,Not found,Lima,15083.0,218500.0,116536.8203125
150.0,3.0,3.0,-12.128461837768555,-76.97013092041016,2.0,2020.0,Perú,Not found,Not found,Lima,10853.0,254491.32,198074.0625
239.0,5.0,3.0,-12.133414268493652,-77.0223159790039,2.0,2020.0,Perú,Miraflores,Not found,Lima,15047.0,392665.476,358646.40625
77.0,2.0,3.0,-16.391263961791992,-71.56287384033203,1.0,2020.0,Perú,Pachacutec,Not found,Arequipa,4014.0,65987.0,52776.7578125
97.0,3.0,3.0,-16.416479110717773,-71.54976654052734,1.0,2020.0,Perú,Not found,Not found,Arequipa,4013.0,104880.0,114129.734375
75.0,2.0,2.0,-12.060155868530273,-76.94026947021484,2.0,2020.0,Perú,Not found,Not found,Lima,15012.0,74290.0,86239.96875
200.0,4.0,5.0,-12.082436561584473,-76.98570251464844,1.0,2020.0,Perú,Not found,Not found,Lima,15021.0,305900.0,268859.53125
126.0,4.0,4.0,-12.131121635437012,-77.00241088867188,2.0,2020.0,Perú,Not found,Not found,Lima,15038.0,253460.0,203041.375
130.0,4.0,4.0,-16.429489135742188,-71.51582336425781,2.0,2020.0,Perú,Ciudad Satélite,Not found,Arequipa,4008.0,104880.0,128169.21875
203.0,1.0,3.0,-12.00069808959961,-77.01470947265625,3.0,2020.0,Perú,San Juan de Lurigancho,Not found,Lima,36.0,212382.0,151421.203125
190.0,3.0,3.0,-12.087422370910645,-76.90884399414062,1.0,2020.0,Perú,La Molina,Not found,Lima,21.0,214130.0,305699.6875
122.0,2.0,4.0,-8.123066902160645,-79.0157699584961,1.0,2020.0,Perú,Not found,Not found,La Libertad,13007.0,52440.0,57821.109375
70.0,1.0,2.0,-12.10346794128418,-76.94165802001953,2.0,2020.0,Perú,Not found,Not found,Lima,15051.0,78660.0,70236.3359375
122.0,3.0,3.0,-12.089154243469238,-77.07022857666016,2.0,2020.0,Perú,Magdalena,Not found,Lima,17.0,131100.0,200079.046875
130.0,3.0,3.0,-12.128889083862305,-76.97640991210938,2.0,2020.0,Perú,Santiago de Surco,Not found,Lima,10853.0,173926.0,176222.140625
173.0,1.0,3.0,-11.98374080657959,-77.0140609741211,1.0,2020.0,Perú,San Juan de Lurigancho,Not found,Lima,36.0,138092.0,99485.421875
105.0,3.0,3.0,-13.524917602539062,-71.94886016845703,1.0,2020.0,Perú,Not found,Not found,Cusco,800.0,135470.0,128728.609375
121.0,2.0,3.0,-12.065340042114258,-76.93522644042969,3.0,2020.0,Perú,Not found,Not found,Lima,15012.0,166060.0,149441.859375
113.0,2.0,3.0,-12.07459545135498,-77.09033966064453,2.0,2020.0,Perú,San Miguel,Not found,Lima,15087.0,131100.0,84591.640625
90.0,1.0,3.0,-12.086759567260742,-77.00555419921875,2.0,2020.0,Perú,Not found,Not found,Lima,15033.0,126730.0,88054.8515625
155.0,4.0,4.0,-5.166862487792969,-80.6341552734375,3.0,2020.0,Perú,Not found,Not found,Piura,20009.0,117990.0,122810.8359375
131.0,4.0,4.0,-12.111062049865723,-77.0315933227539,2.0,2020.0,Perú,Miraflores,Not found,Lima,18.0,287546.0,267639.9375
82.0,3.0,4.0,-16.39832305908203,-71.50331115722656,3.0,2020.0,Perú,Mariano Melgar,Not found,Arequipa,4006.0,67298.0,79617.8828125
90.0,3.0,3.0,-11.966824531555176,-77.06889343261719,1.0,2020.0,Perú,Not found,Not found,Lima,39.0,104880.0,80406.6484375
82.0,1.0,2.0,-12.104278564453125,-77.06166076660156,2.0,2020.0,Perú,Magdalena,Not found,Lima,15076.0,96140.0,120806.359375
110.0,3.0,3.0,-12.114285469055176,-76.97828674316406,1.0,2020.0,Perú,Not found,Not found,Lima,51132.0,227240.0,171731.765625
90.0,2.0,3.0,-11.962196350097656,-76.98160552978516,2.0,2020.0,Perú,Not found,Not found,Lima,1.0,83030.0,117537.3828125
100.0,3.0,4.0,-12.070647239685059,-77.0401611328125,3.0,2020.0,Perú,Jesús María,Not found,Lima,15046.0,133722.0,133718.421875
70.0,2.0,2.0,-16.429489135742188,-71.51582336425781,2.0,2020.0,Perú,Ciudad Satélite,Not found,Arequipa,4008.0,61180.0,54732.03125
146.0,3.0,3.0,-12.078713417053223,-77.10496520996094,2.0,2020.0,Perú,San Miguel,Not found,Lima,32.0,135470.0,215502.0
60.0,2.0,1.935461568791652e-08,-12.090508460998535,-77.01410675048828,2.0,2020.0,Perú,Not found,Not found,Lima,15036.0,138092.0,118723.4453125
93.0,2.0,3.0,-16.413175582885742,-71.51334381103516,2.0,2020.0,Perú,Guardia Civil,Not found,Arequipa,4006.0,74290.0,70144.5546875
172.0,3.0,4.0,-12.05517864227295,-76.9535903930664,2.0,2020.0,Perú,Not found,Not found,Lima,15009.0,148580.0,291823.96875
160.0,2.0,5.0,-11.9979829788208,-77.07426452636719,2.0,2020.0,Perú,Las Palmeras,Not found,Lima,31.0,172702.4,151171.5
80.0,2.0,1.935461568791652e-08,-12.090680122375488,-77.0138168334961,3.0,2020.0,Perú,Not found,Not found,Lima,15036.0,167808.0,143045.1875
150.0,4.0,6.0,-6.7814459800720215,-79.83848571777344,3.0,2020.0,Perú,Not found,Not found,Lambayeque,14820.0,257830.0,131735.046875
98.0,2.0,3.0,-12.13667106628418,-77.00450897216797,2.0,2020.0,Perú,Not found,Not found,Lima,15049.0,148580.0,118394.984375
68.0,1.0,2.0,-12.081583976745605,-77.10193634033203,3.0,2020.0,Perú,San Miguel,Not found,Lima,18.0,89148.0,63842.859375
105.0,2.0,3.0,-16.39765739440918,-71.552734375,1.0,2020.0,Perú,Yanahuara,Not found,Arequipa,4014.0,113620.0,138724.109375
127.0,2.0,3.0,-12.16849422454834,-76.99006652832031,3.0,2020.0,Perú,Not found,Not found,Lima,15054.0,152950.0,119477.1953125
200.0,1.0,2.0,-12.059542655944824,-77.05670166015625,2.0,2020.0,Perú,Breña,Not found,Lima,15081.0,43700.0,138847.40625
97.0,2.0,3.0,-12.103206634521484,-77.00426483154297,2.0,2020.0,Perú,San Borja,Not found,Lima,41.0,157320.0,140513.6875
89.0,3.0,3.0,-12.116325378417969,-77.00659942626953,3.0,2020.0,Perú,Surquillo,Not found,Lima,15038.0,141588.0,136600.015625
158.0,1.0,2.0,-5.188467979431152,-80.64362335205078,3.0,2020.0,Perú,Not found,Not found,Piura,20001.0,131100.0,49976.203125
83.0,2.0,2.0,-12.092717170715332,-77.06861114501953,2.0,2020.0,Perú,Magdalena,Not found,Lima,17.0,77786.0,117730.8828125
200.0,3.0,3.0,-12.131231307983398,-76.98812866210938,2.0,2020.0,Perú,Santiago de Surco,Not found,Lima,33.0,406410.0,298470.5625
135.0,2.0,3.0,-13.807024955749512,-76.24665832519531,2.0,2020.0,Perú,Not found,Not found,Ica,14043.0,201020.0,81735.1875
66.0,2.0,3.0,-12.014774322509766,-77.05722045898438,1.0,2020.0,Perú,Not found,Not found,Lima,15028.0,75164.0,50970.796875
108.0,5.0,5.0,-12.218384742736816,-76.92887115478516,2.0,2020.0,Perú,Villa El Salvador,Not found,Lima,15816.0,109250.0,112585.1796875
141.0,5.0,3.0,-12.10174560546875,-77.00963592529297,2.0,2020.0,Perú,San Borja,Not found,Lima,41.0,393300.0,264522.9375
75.0,2.0,3.0,-12.06832218170166,-77.04802703857422,1.0,2020.0,Perú,Breña,Not found,Lima,11.0,91118.3,103643.9296875
95.0,2.0,0.9999998807907104,-12.126283645629883,-77.03131103515625,2.0,2020.0,Perú,Miraflores,Not found,Lima,15074.0,235543.0,191568.34375
88.0,2.0,2.0,-12.103663444519043,-76.96780395507812,2.0,2020.0,Perú,Monterrico,Not found,Lima,15023.0,126730.0,150781.265625
124.0,2.0,3.0,-12.120051383972168,-77.04051971435547,3.0,2020.0,Perú,Miraflores,Not found,Lima,1509.0,270940.0,239848.5
160.0,4.0,4.0,-12.0954008102417,-77.04723358154297,2.0,2020.0,Perú,San Isidro,Not found,Lima,27.0,419520.0,320965.65625
70.0,2.0,3.0,-12.079174041748047,-77.09353637695312,3.0,2020.0,Perú,San Miguel,Not found,Lima,15087.0,109250.0,61962.5
78.0,2.0,3.0,-12.067510604858398,-76.93449401855469,3.0,2020.0,Perú,Not found,Not found,Lima,15012.0,104880.0,100922.578125
100.0,2.0,3.0,-12.11609935760498,-77.01388549804688,1.0,2020.0,Perú,Surquillo,Not found,Lima,34.0,117990.0,111221.390625
66.0,2.0,0.9999998807907104,-12.38591480255127,-76.78318786621094,2.0,2020.0,Perú,Not found,Not found,Lima,15851.0,77483.59599999999,87996.4765625
81.0,2.0,3.0,-5.160886764526367,-80.63182067871094,2.0,2020.0,Perú,Not found,Not found,Piura,20009.0,74290.0,49215.5078125
120.0,3.0,4.0,-11.903491020202637,-77.04949951171875,2.0,2020.0,Perú,Not found,Not found,Lima,1533.0,183540.0,124166.59375
60.0,3.0,3.0,-11.970306396484375,-77.08934020996094,2.0,2020.0,Perú,Barrio Obrero Industrial,Not found,Lima,15306.0,56810.000000000015,61101.03125
120.0,2.0,3.0,-11.85311222076416,-77.04911804199219,3.0,2020.0,Perú,Not found,Not found,Lima,15121.0,61092.600000000006,59603.796875
49.999996185302734,1.0,3.0,-16.380722045898438,-71.5068588256836,1.0,2020.0,Perú,Not found,Not found,Arequipa,4003.0,41078.0,46380.5703125
65.0,2.0,3.0,-12.087733268737793,-76.89335632324219,1.0,2020.0,Perú,Not found,Not found,Lima,21.0,61005.2,66914.765625
80.0,2.0,2.0,-12.129059791564941,-76.9917221069336,2.0,2020.0,Perú,Santiago de Surco,Not found,Lima,33.0,104880.0,119793.8125
98.0,4.0,3.0,-12.073925018310547,-77.1017074584961,2.0,2020.0,Perú,San Miguel,Not found,Lima,32.0,218500.0,170543.0
120.0,3.0,4.0,-12.004012107849121,-76.87777709960938,2.0,2020.0,Perú,Not found,Not found,Lima,3.0,157320.0,180633.5625
79.0,2.0,0.9999998807907104,-12.386096954345703,-76.78302001953125,3.0,2020.0,Perú,Not found,Not found,Lima,15851.0,92881.728,108458.7265625
239.0,3.0,3.0,-12.095693588256836,-77.0128173828125,2.0,2020.0,Perú,Not found,Not found,Lima,15036.0,275310.0,345714.75
194.0,3.0,5.0,-12.075703620910645,-77.0140609741211,2.0,2020.0,Perú,Not found,Not found,Lima,15021.0,323380.0,241087.578125
75.0,2.0,3.0,-12.06655216217041,-77.05347442626953,1.0,2020.0,Perú,Breña,Not found,Lima,15083.0,78660.0,64688.40625
150.0,1.0,2.0,-18.02373695373535,-70.24555206298828,1.0,2020.0,Perú,Jesús María,Not found,Tacna,23000.0,69046.0,144418.3125
68.0,2.0,2.0,-12.098859786987305,-76.99556732177734,1.0,2020.0,Perú,San Borja,Not found,Lima,15037.0,138092.0,88410.8046875
85.0,2.0,3.0,-11.989495277404785,-77.09993743896484,2.0,2020.0,Perú,Barrio Obrero Industrial,Not found,Lima,15301.0,74290.0,60654.0625
68.0,2.0,3.0,-12.061039924621582,-77.04932403564453,2.0,2020.0,Perú,Breña,Not found,Lima,5.0,67580.31,69071.484375
150.0,3.0,3.0,-12.128461837768555,-76.97013092041016,2.0,2020.0,Perú,Not found,Not found,Lima,10853.0,238358.15399999998,198074.0625
117.0,3.0,4.0,-16.380849838256836,-71.55248260498047,2.0,2020.0,Perú,La Libertad,Not found,Arequipa,4100.0,113620.0,119540.390625
100.0,2.0,4.0,-12.0631103515625,-76.94203186035156,1.0,2020.0,Perú,Not found,Not found,Lima,15012.0,146832.0,119220.296875
97.0,3.0,2.0,-12.06078815460205,-76.94400787353516,2.0,2020.0,Perú,Not found,Not found,Lima,15012.0,138966.0,138963.390625
93.0,2.0,3.0,-8.102267265319824,-79.04888916015625,1.0,2020.0,Perú,Not found,Not found,La Libertad,13011.0,72542.0,47874.671875
113.0,3.0,3.0,-12.09870433807373,-77.01122283935547,2.0,2020.0,Perú,San Borja,Not found,Lima,41.0,200146.0,190678.375
115.0,3.0,3.0,-12.12486743927002,-76.9809799194336,3.0,2020.0,Perú,Santiago de Surco,Not found,Lima,15039.0,294538.0,184570.4375
90.0,4.0,6.0,-16.353670120239258,-71.56275177001953,2.0,2020.0,Perú,Zamacola,Not found,Arequipa,4100.0,122360.0,137762.1875
98.0,3.0,3.0,-12.141222953796387,-77.00116729736328,2.0,2020.0,Perú,Not found,Not found,Lima,15049.0,157320.0,144698.484375
128.0,2.0,4.0,-16.466032028198242,-71.53085327148438,2.0,2020.0,Perú,Socabaya,Not found,Arequipa,4012.0,96140.0,65289.5625
252.0,4.0,3.0,-12.130644798278809,-77.02204895019531,2.0,2020.0,Perú,Miraflores,Not found,Lima,15047.0,316757.07,358683.6875
51.0,1.0,2.0,-12.014079093933105,-77.0736312866211,1.0,2020.0,Perú,Not found,Not found,Lima,15031.0,47196.0,49600.5078125
71.0,2.0,3.0,-12.093801498413086,-77.07485961914062,2.0,2020.0,Perú,Magdalena,Not found,Lima,17.0,93518.0,111055.34375
190.0,3.0,3.0,-12.108559608459473,-77.02438354492188,2.0,2020.0,Perú,Surquillo,Not found,Lima,34.0,218500.0,178524.0
130.0,4.0,4.0,-12.11587142944336,-77.0112075805664,3.0,2020.0,Perú,Surquillo,Not found,Lima,34.0,360962.0,154462.46875
53.000003814697266,2.0,3.0,-11.824377059936523,-77.04145050048828,2.0,2020.0,Perú,Not found,Not found,Lima,15121.0,43700.0,46883.9765625
160.0,2.0,6.0,-12.171462059020996,-76.94517517089844,2.0,2020.0,Perú,Villa María del Triunfo,Not found,Lima,15809.0,69920.0,125881.0234375
174.0,4.0,4.0,-12.116752624511719,-77.01363372802734,3.0,2020.0,Perú,Surquillo,Not found,Lima,34.0,196650.0,184638.78125
157.0,3.0,3.0,-12.093092918395996,-76.98594665527344,2.0,2020.0,Perú,Not found,Not found,Lima,41.0,227240.0,222214.484375
100.0,2.0,1.935461568791652e-08,-12.068831443786621,-76.9592056274414,1.0,2020.0,Perú,Not found,Not found,Lima,10051.0,19228.0,134816.484375
158.0,2.0,3.0,-12.093092918395996,-76.98594665527344,2.0,2020.0,Perú,Not found,Not found,Lima,41.0,227240.0,196498.5
101.0,2.0,3.0,-5.160897731781006,-80.6318359375,2.0,2020.0,Perú,Not found,Not found,Piura,20009.0,72542.0,52287.28125
76.0,2.0,3.0,-11.825251579284668,-77.04499053955078,2.0,2020.0,Perú,Not found,Not found,Lima,15121.0,45448.0,48513.625
124.0,3.0,2.0,-12.106454849243164,-77.03295135498047,3.0,2020.0,Perú,Miraflores,Not found,Lima,15073.0,302404.0,321816.21875
113.0,2.0,3.0,-12.10089111328125,-77.0037841796875,2.0,2020.0,Perú,San Borja,Not found,Lima,41.0,148580.0,160852.328125
167.0,5.0,4.0,-8.116711616516113,-79.0356216430664,1.0,2020.0,Perú,Not found,Not found,La Libertad,13008.0,161663.78,164714.28125
135.0,3.0,3.0,-16.3981876373291,-71.55108642578125,1.0,2020.0,Perú,Yanahuara,Not found,Arequipa,4014.0,100510.0,189594.0625
76.0,1.0,0.9999998807907104,-11.889036178588867,-77.03652954101562,2.0,2020.0,Perú,Carabayllo,Not found,Lima,15316.0,43700.0,45364.15625
137.0,2.0,3.0,-12.085153579711914,-77.05301666259766,2.0,2020.0,Perú,Jesús María,Not found,Lima,17.0,163438.0,157485.109375
123.0,3.0,3.0,-12.122361183166504,-76.98534393310547,2.0,2020.0,Perú,Santiago de Surco,Not found,Lima,33.0,192280.0,202492.5625
174.0,3.0,3.0,-11.982075691223145,-76.7962646484375,2.0,2020.0,Perú,Chaclacayo,Not found,Lima,8.0,104880.0,193312.234375
206.0,3.0,3.0,-12.083013534545898,-76.96025848388672,2.0,2020.0,Perú,Monterrico,Not found,Lima,12.0,284050.0,289198.5625
130.0,3.0,3.0,-8.118227005004883,-79.0355453491211,1.0,2020.0,Perú,Not found,Not found,La Libertad,13008.0,130920.83,91537.015625
180.0,5.0,5.0,-12.823461532592773,-76.5468978881836,1.0,2020.0,Perú,Not found,Not found,Lima,14043.0,190532.0,217900.171875
173.0,3.0,0.9999998807907104,-12.123575210571289,-77.02511596679688,2.0,2020.0,Perú,Miraflores,Not found,Lima,10574.0,284924.0,313132.0625
74.0,2.0,3.0,-12.159524917602539,-76.99382781982422,2.0,2020.0,Perú,Not found,Not found,Lima,15054.0,100510.0,77208.40625
119.0,2.0,3.0,-12.062253952026367,-77.06657409667969,3.0,2020.0,Perú,Not found,Not found,Lima,15081.0,104880.0,115398.0234375
100.0,2.0,2.0,-11.984557151794434,-77.05500793457031,3.0,2020.0,Perú,Independencia,Not found,Lima,28.0,55062.0,57207.578125
75.0,2.0,3.0,-12.390046119689941,-76.77799224853516,2.0,2020.0,Perú,Not found,Not found,Lima,14043.0,84634.664,81814.609375
63.0,1.0,3.0,-11.918109893798828,-77.07948303222656,2.0,2020.0,Perú,Not found,Not found,Lima,15113.0,41078.0,46749.7265625
54.999996185302734,1.0,2.0,-12.079800605773926,-76.97953033447266,1.0,2020.0,Perú,Not found,Not found,Lima,15022.0,80408.0,57370.2578125
86.0,2.0,2.0,-12.111777305603027,-77.02649688720703,1.0,2020.0,Perú,Miraflores,Not found,Lima,34.0,152076.0,132293.96875
57.0,2.0,2.0,-12.066032409667969,-77.04578399658203,2.0,2020.0,Perú,Breña,Not found,Lima,11.0,68333.3,95834.953125
90.0,1.0,2.0,-12.119016647338867,-76.97386932373047,3.0,2020.0,Perú,Santiago de Surco,Not found,Lima,15023.0,142462.0,124701.9296875
98.0,2.0,3.0,-12.107215881347656,-77.0073013305664,3.0,2020.0,Perú,San Borja,Not found,Lima,41.0,171304.0,144234.03125
112.0,3.0,2.0,-12.126304626464844,-77.03133392333984,2.0,2020.0,Perú,Miraflores,Not found,Lima,15074.0,249264.8,240624.109375
183.0,3.0,5.0,-14.086368560791016,-75.72402954101562,3.0,2020.0,Perú,Not found,Not found,Ica,11001.0,113620.0,126927.1484375
153.0,5.0,4.0,-16.396711349487305,-71.55792999267578,1.0,2020.0,Perú,Not found,Not found,Arequipa,4014.0,279680.0,208774.265625
100.0,3.0,4.0,-12.070926666259766,-76.94197845458984,2.0,2020.0,Perú,Not found,Not found,Lima,15012.0,148580.0,152808.03125
53.999996185302734,2.0,1.935461568791652e-08,-12.078263282775879,-77.03654479980469,1.0,2020.0,Perú,Lince,Not found,Lima,15046.0,104880.0,65821.0859375
52.0,2.0,2.0,-12.082018852233887,-77.10371398925781,1.0,2020.0,Perú,San Miguel,Not found,Lima,18.0,76038.0,62029.7734375
169.0,3.0,4.0,-12.04666805267334,-77.03750610351562,1.0,2020.0,Perú,Not found,Not found,Lima,15001.0,96140.0,185209.078125
101.0,3.0,4.0,-13.528886795043945,-71.96854400634766,3.0,2020.0,Perú,Wanchaq,Not found,Cusco,8400.0,96140.0,103037.625
165.0,2.0,4.0,-12.024313926696777,-76.93363189697266,2.0,2020.0,Perú,Not found,Not found,Lima,43.0,113620.0,109251.3203125
109.0,3.0,3.0,-12.026534080505371,-77.05912017822266,2.0,2020.0,Perú,Not found,Not found,Lima,15101.0,114420.584,99766.015625
70.0,1.0,2.0,-12.108757972717285,-77.01765441894531,2.0,2020.0,Perú,Surquillo,Not found,Lima,15048.0,78660.0,124937.7265625
114.0,3.0,3.0,-12.09870433807373,-77.01122283935547,2.0,2020.0,Perú,San Borja,Not found,Lima,41.0,203642.0,191883.078125
117.0,3.0,3.0,-12.068891525268555,-77.05323028564453,2.0,2020.0,Perú,Pueblo Libre,Not found,Lima,11.0,131100.0,132413.5625
87.0,2.0,3.0,-12.112183570861816,-76.9966812133789,3.0,2020.0,Perú,Not found,Not found,Lima,41.0,139840.0,118467.1171875
178.0,4.0,6.0,-8.113765716552734,-79.03287506103516,3.0,2020.0,Perú,Not found,Not found,La Libertad,13001.0,183540.0,227497.59375
168.0,4.0,4.0,-12.068195343017578,-77.0379638671875,3.0,2020.0,Perú,Lince,Not found,Lima,15046.0,183540.0,227328.25
160.0,1.0,1.935461568791652e-08,-11.983855247497559,-77.01399230957031,1.0,2020.0,Perú,San Juan de Lurigancho,Not found,Lima,36.0,126730.0,75847.0625
60.0,1.0,2.0,-12.030445098876953,-77.0478286743164,2.0,2020.0,Perú,Not found,Not found,Lima,15102.0,78660.0,59202.1484375
68.0,1.0,0.9999998807907104,-12.072466850280762,-77.05109405517578,2.0,2020.0,Perú,Jesús María,Not found,Lima,11.0,69920.0,102384.078125
73.0,2.0,3.0,-12.073351860046387,-77.03011322021484,3.0,2020.0,Perú,Santa Beatriz,Not found,Lima,15106.0,87422.79,58955.921875
90.0,1.0,3.0,-12.22542667388916,-76.89765167236328,2.0,2020.0,Perú,Not found,Not found,Lima,15822.0,51566.0,52975.5859375
189.0,3.0,3.0,-12.085336685180664,-76.96179962158203,2.0,2020.0,Perú,Monterrico,Not found,Lima,10051.0,292790.0,311167.125
162.0,3.0,5.0,-6.772956848144531,-79.85926055908203,2.0,2020.0,Perú,Not found,Not found,Lambayeque,140.0,152950.0,148619.578125
88.0,2.0,0.9999998807907104,-12.125738143920898,-77.0308837890625,2.0,2020.0,Perú,Miraflores,Not found,Lima,15074.0,221471.6,182108.625
123.0,4.0,3.0,-16.372407913208008,-71.55496215820312,1.0,2020.0,Perú,La Libertad,Not found,Arequipa,4100.0,112309.0,123854.8203125
108.0,2.0,3.0,-11.990951538085938,-77.05355834960938,1.0,2020.0,Perú,Independencia,Not found,Lima,28.0,78660.0,58118.65625
53.000003814697266,1.0,2.0,-12.16849422454834,-76.99006652832031,3.0,2020.0,Perú,Not found,Not found,Lima,15054.0,64326.399999999994,57610.0546875
148.0,3.0,2.0,-12.235231399536133,-76.89595794677734,2.0,2020.0,Perú,Not found,Not found,Lima,15841.0,104880.0,132741.109375
72.0,2.0,3.0,-12.083105087280273,-77.05213928222656,1.0,2020.0,Perú,Jesús María,Not found,Lima,15072.0,80203.2,133899.65625
72.0,2.0,3.0,-12.069391250610352,-77.04963684082031,2.0,2020.0,Perú,Breña,Not found,Lima,11.0,113620.0,107837.65625
58.0,1.0,3.0,-11.895509719848633,-77.06741333007812,1.0,2020.0,Perú,Not found,Not found,Lima,15113.0,23870.0,46252.625
58.0,2.0,2.0,-12.073615074157715,-77.03657531738281,2.0,2020.0,Perú,Santa Beatriz,Not found,Lima,15046.0,85652.0,58256.3359375
153.0,5.0,4.0,-12.57330322265625,-76.71080780029297,2.0,2020.0,Perú,Not found,Not found,Lima,14043.0,253460.0,192687.09375
119.0,2.0,3.0,-12.126641273498535,-77.01753997802734,1.0,2020.0,Perú,Miraflores,Not found,Lima,15048.0,166060.0,301210.34375
85.0,2.0,3.0,-12.087333679199219,-77.06413269042969,2.0,2020.0,Perú,Magdalena,Not found,Lima,17.0,117990.0,125520.6015625
200.0,2.0,6.0,-16.48447608947754,-71.50273895263672,1.0,2020.0,Perú,Not found,Not found,Arequipa,4012.0,83030.0,111255.1015625
43.000003814697266,1.0,0.9999998807907104,-11.958394050598145,-77.07331848144531,1.0,2020.0,Perú,Not found,Not found,Lima,31.0,56810.000000000015,46999.46875
134.0,3.0,3.0,-12.09870433807373,-77.01122283935547,2.0,2020.0,Perú,San Borja,Not found,Lima,41.0,238602.0,216020.921875
132.0,3.0,3.0,-12.093986511230469,-77.07707214355469,2.0,2020.0,Perú,Magdalena,Not found,Lima,17.0,139840.0,214141.28125
73.0,2.0,2.0,-12.132048606872559,-77.0208969116211,3.0,2020.0,Perú,Miraflores,Not found,Lima,15047.0,144210.0,152362.28125
44.000003814697266,1.0,0.9999998807907104,-12.112847328186035,-77.01483917236328,1.0,2020.0,Perú,Surquillo,Not found,Lima,34.0,104880.0,57649.8671875
127.0,3.0,3.0,-12.127586364746094,-77.03107452392578,2.0,2020.0,Perú,Miraflores,Not found,Lima,15074.0,299082.8,256066.96875
164.0,5.0,0.9999998807907104,-12.123575210571289,-77.02511596679688,2.0,2020.0,Perú,Miraflores,Not found,Lima,10574.0,274436.0,328949.5
100.0,3.0,3.0,-16.426401138305664,-71.57430267333984,1.0,2020.0,Perú,Sachaca,Not found,Arequipa,4013.0,111872.0,91062.1484375
64.0,1.0,0.9999998807907104,-12.13803768157959,-76.98731231689453,2.0,2020.0,Perú,Santiago de Surco,Not found,Lima,33.0,74290.0,76266.6171875
115.0,3.0,2.0,-12.083341598510742,-77.06991577148438,1.0,2020.0,Perú,Pueblo Libre,Not found,Lima,32.0,126730.0,154271.328125
103.0,3.0,2.0,-16.381732940673828,-71.54561614990234,2.0,2020.0,Perú,Cayma,Not found,Arequipa,4100.0,135470.0,131163.984375
217.0,2.0,3.0,-6.771597385406494,-79.85904693603516,2.0,2020.0,Perú,Not found,Not found,Lambayeque,140.0,157320.0,190692.28125
95.0,2.0,3.0,-12.083006858825684,-77.01931762695312,1.0,2020.0,Perú,Not found,Not found,Lima,15034.0,126730.0,112675.90625
68.0,2.0,0.9999998807907104,-12.38591480255127,-76.78318786621094,2.0,2020.0,Perú,Not found,Not found,Lima,15851.0,101575.406,89834.484375
149.0,3.0,3.0,-15.840222358703613,-70.02188110351562,1.0,2020.0,Perú,Laykakota,Not found,Puno,14043.0,179170.0,94427.6484375
33.999996185302734,1.0,1.935461568791652e-08,-12.035897254943848,-77.03657531738281,2.0,2020.0,Perú,Rímac,Not found,Lima,15094.0,33037.2,48997.4921875
157.0,4.0,5.0,-12.0889253616333,-77.07787322998047,2.0,2020.0,Perú,Not found,Not found,Lima,15086.0,85652.0,200296.03125
144.0,3.0,4.0,-12.078372955322266,-76.9686279296875,1.0,2020.0,Perú,Not found,Not found,Lima,10051.0,218499.12600000002,241189.171875
143.0,2.0,2.0,-16.623470306396484,-72.70781707763672,3.0,2020.0,Perú,Not found,Not found,Arequipa,14043.0,112090.5,114935.0703125
51.0,2.0,2.0,-12.10363483428955,-76.93351745605469,3.0,2020.0,Perú,Not found,Not found,Lima,15051.0,175674.0,78773.0859375
191.0,3.0,6.0,-12.080361366271973,-77.06665802001953,3.0,2020.0,Perú,Pueblo Libre,Not found,Lima,15084.0,367080.0,194722.796875
81.0,3.0,3.0,-12.155966758728027,-77.02188110351562,1.0,2020.0,Perú,Barranco,Not found,Lima,15042.0,122360.0,132431.8125
86.0,2.0,3.0,-12.088972091674805,-77.08364868164062,2.0,2020.0,Perú,Not found,Not found,Lima,15086.0,107502.0,97067.984375
65.0,1.0,0.9999998807907104,-12.128060340881348,-77.00747680664062,2.0,2020.0,Perú,Not found,Not found,Lima,15048.0,17480.0,117063.9921875
54.999996185302734,2.0,2.0,-12.063501358032227,-77.02107238769531,2.0,2020.0,Perú,La Victoria,Not found,Lima,15011.0,34960.0,53415.75
152.0,3.0,2.0,-12.115015029907227,-77.0362777709961,2.0,2020.0,Perú,Miraflores,Not found,Lima,18.0,270503.0,285127.90625
52.0,1.0,0.9999998807907104,-12.079075813293457,-77.03309631347656,2.0,2020.0,Perú,Lince,Not found,Lima,14.0,53876.543000000005,59658.8828125
127.0,3.0,5.0,-12.125919342041016,-77.02692413330078,3.0,2020.0,Perú,Miraflores,Not found,Lima,15074.0,270066.0,247573.4375
65.0,2.0,0.9999998807907104,-12.38591480255127,-76.78318786621094,2.0,2020.0,Perú,Not found,Not found,Lima,15851.0,77259.852,87097.3125
96.0,2.0,2.0,-16.42206382751465,-71.5114517211914,2.0,2020.0,Perú,Paucarpata,Not found,Arequipa,4006.0,73853.0,60103.375
88.0,3.0,3.0,-11.922616004943848,-77.04879760742188,2.0,2020.0,Perú,Not found,Not found,Lima,15313.0,50692.0,101283.0625
136.0,3.0,3.0,-5.193995475769043,-80.6268310546875,2.0,2020.0,Perú,Not found,Not found,Piura,1.0,109250.0,113052.015625
71.0,2.0,3.0,-12.119175910949707,-77.00596618652344,3.0,2020.0,Perú,Surquillo,Not found,Lima,15038.0,104748.9,111269.2421875
87.0,2.0,4.0,-12.092026710510254,-77.07792663574219,2.0,2020.0,Perú,Not found,Not found,Lima,17.0,122360.0,106227.4609375
120.0,2.0,6.0,-11.902976036071777,-77.05117797851562,2.0,2020.0,Perú,Not found,Not found,Lima,1533.0,104880.0,113984.90625
85.0,2.0,3.0,-11.888618469238281,-77.04045104980469,3.0,2020.0,Perú,Carabayllo,Not found,Lima,15316.0,69920.0,46512.375
111.0,3.0,4.0,-12.102615356445312,-76.94822692871094,1.0,2020.0,Perú,Not found,Not found,Lima,12.0,130226.0,154782.546875
191.0,4.0,5.0,-12.386096954345703,-76.78302001953125,3.0,2020.0,Perú,Not found,Not found,Lima,15851.0,314229.22,312187.5
90.0,3.0,3.0,-12.110201835632324,-76.98147583007812,1.0,2020.0,Perú,Not found,Not found,Lima,51132.0,253460.0,152625.671875
180.0,2.0,1.935461568791652e-08,-11.891292572021484,-77.0404281616211,3.0,2020.0,Perú,Carabayllo,Not found,Lima,15316.0,139840.0,55690.2578125
120.0,3.0,3.0,-12.099653244018555,-76.97359466552734,2.0,2020.0,Perú,Monterrico,Not found,Lima,15023.0,279680.0,215445.640625
72.0,2.0,3.0,-12.08353042602539,-77.0791015625,3.0,2020.0,Perú,Not found,Not found,Lima,32.0,81970.88200000001,104212.46875
46.999996185302734,1.0,2.0,-11.99955940246582,-77.08534240722656,3.0,2020.0,Perú,Not found,Not found,Lima,31.0,26220.0,49968.875
35.000003814697266,1.0,1.935461568791652e-08,-12.031563758850098,-77.04273223876953,2.0,2020.0,Perú,Rímac,Not found,Lima,15102.0,109250.0,48221.09375
136.0,2.0,4.0,-15.85507583618164,-70.0079116821289,1.0,2020.0,Perú,Laykakota,Not found,Puno,5151.0,183540.0,88119.2890625
102.0,2.0,2.0,-12.108806610107422,-76.93981170654297,2.0,2020.0,Perú,Not found,Not found,Lima,15051.0,124020.6,119782.0546875
95.0,3.0,3.0,-12.099431037902832,-77.06226348876953,2.0,2020.0,Perú,Magdalena,Not found,Lima,15076.0,174712.6,184203.6875
112.0,3.0,2.0,-12.126535415649414,-77.03118133544922,2.0,2020.0,Perú,Miraflores,Not found,Lima,15074.0,249264.8,240625.546875
95.0,2.0,2.0,-16.429244995117188,-71.51107025146484,2.0,2020.0,Perú,Guardia Civil,Not found,Arequipa,4002.0,63802.0,88068.4296875
228.0,3.0,4.0,-12.130037307739258,-76.97200012207031,1.0,2020.0,Perú,Santiago de Surco,Not found,Lima,10853.0,327750.0,265762.53125
120.0,2.0,2.0,-12.098633766174316,-76.9989242553711,2.0,2020.0,Perú,San Borja,Not found,Lima,15037.0,131100.0,172564.453125
72.0,2.0,3.0,-11.927995681762695,-77.05941772460938,2.0,2020.0,Perú,Not found,Not found,Lima,15314.0,47196.0,60532.0859375
112.0,2.0,3.0,-13.526606559753418,-71.96420288085938,3.0,2020.0,Perú,Wanchaq,Not found,Cusco,8200.0,122360.0,80400.5390625
94.0,2.0,3.0,-12.08177375793457,-77.0892333984375,3.0,2020.0,Perú,San Miguel,Not found,Lima,15032.0,119738.0,100026.90625
91.0,2.0,2.0,-12.085273742675781,-77.05003356933594,1.0,2020.0,Perú,Jesús María,Not found,Lima,15072.0,150048.32,147946.0625
103.0,3.0,3.0,-16.381446838378906,-71.55574035644531,1.0,2020.0,Perú,La Libertad,Not found,Arequipa,4100.0,118864.0,108980.875
120.0,1.0,4.0,-11.930453300476074,-77.04853057861328,1.0,2020.0,Perú,Not found,Not found,Lima,51.0,109250.0,69596.4453125
56.0,1.0,2.0,-12.029013633728027,-77.03742218017578,2.0,2020.0,Perú,Rímac,Not found,Lima,1.0,48944.0,81452.734375
191.0,3.0,3.0,-12.337199211120605,-76.82643127441406,3.0,2020.0,Perú,Not found,Not found,Lima,15846.0,240350.0,190211.828125
103.0,3.0,3.0,-12.028523445129395,-77.01077270507812,3.0,2020.0,Perú,Not found,Not found,Lima,15401.0,244720.0,87690.4296875
52.0,1.0,2.0,-12.078661918640137,-76.98653411865234,3.0,2020.0,Perú,Not found,Not found,Lima,15022.0,81019.8,64082.4375
81.0,2.0,3.0,-6.7766804695129395,-79.8415298461914,2.0,2020.0,Perú,Not found,Not found,Lambayeque,4001.0,69920.0,46613.7890625
68.0,4.0,3.0,-16.393888473510742,-71.52203369140625,1.0,2020.0,Perú,Miraflores,Not found,Arequipa,4004.0,104880.0,90611.3359375
197.0,3.0,3.0,-12.05907154083252,-77.05750274658203,1.0,2020.0,Perú,Breña,Not found,Lima,15081.0,87400.0,171672.078125
115.0,4.0,4.0,-12.798165321350098,-76.57157897949219,2.0,2020.0,Perú,Not found,Not found,Lima,14043.0,148580.0,145138.421875
80.0,2.0,5.0,-11.991724014282227,-77.01398468017578,2.0,2020.0,Perú,San Juan de Lurigancho,Not found,Lima,36.0,109250.0,63120.78125
220.0,5.0,4.0,-12.111686706542969,-76.98347473144531,2.0,2020.0,Perú,Not found,Not found,Lima,51132.0,402040.0,310442.3125
124.0,5.0,4.0,-12.116182327270508,-76.93907928466797,3.0,2020.0,Perú,Not found,Not found,Lima,15051.0,117990.0,238657.359375
137.0,3.0,3.0,-16.376768112182617,-71.56035614013672,3.0,2020.0,Perú,La Libertad,Not found,Arequipa,4100.0,111358.088,123172.6328125
48.999996185302734,1.0,0.9999998807907104,-12.088659286499023,-77.02513122558594,1.0,2020.0,Perú,Lince,Not found,Lima,15046.0,78660.0,57365.390625
58.0,1.0,2.0,-6.7881879806518555,-79.8496322631836,1.0,2020.0,Perú,Not found,Not found,Lambayeque,14820.0,52440.0,46234.3828125
204.0,1.0,0.9999998807907104,-16.332565307617188,-71.54206848144531,2.0,2020.0,Perú,Rafael Belaunde,Not found,Arequipa,4003.0,69920.0,105391.515625
153.0,1.0,3.0,-11.899678230285645,-77.03666687011719,2.0,2020.0,Perú,Carabayllo,Not found,Lima,15316.0,96140.0,48699.34375
98.0,2.0,3.0,-11.833967208862305,-77.05320739746094,2.0,2020.0,Perú,Not found,Not found,Lima,15121.0,70794.0,51432.015625
47.999996185302734,1.0,0.9999998807907104,-12.131278038024902,-76.97803497314453,3.0,2020.0,Perú,Santiago de Surco,Not found,Lima,10853.0,96140.0,70160.375
220.0,4.0,3.0,-11.999380111694336,-77.0035171508789,1.0,2020.0,Perú,San Juan de Lurigancho,Not found,Lima,36.0,131100.0,267483.65625
47.999996185302734,1.0,0.9999998807907104,-12.084157943725586,-77.09613037109375,3.0,2020.0,Perú,San Miguel,Not found,Lima,18.0,52440.0,55268.546875
84.0,2.0,2.0,-12.083603858947754,-77.01031494140625,1.0,2020.0,Perú,Not found,Not found,Lima,15021.0,113620.0,94135.21875
129.0,3.0,3.0,-18.00257110595703,-70.25457763671875,1.0,2020.0,Perú,Leoncio Prado,Not found,Tacna,23001.0,139840.0,93646.484375
102.0,2.0,2.0,-12.115856170654297,-76.9964370727539,2.0,2020.0,Perú,Not found,Not found,Lima,15038.0,152950.0,124732.0234375
70.0,1.0,2.0,-12.10346794128418,-76.94165802001953,2.0,2020.0,Perú,Not found,Not found,Lima,15051.0,83030.0,70236.3359375
135.0,2.0,0.9999998807907104,-12.088141441345215,-76.97337341308594,1.0,2020.0,Perú,Monterrico,Not found,Lima,10051.0,242098.0,214440.21875
131.0,3.0,2.0,-12.119653701782227,-77.03900909423828,2.0,2020.0,Perú,Miraflores,Not found,Lima,15074.0,246162.10000000003,265714.46875
117.0,3.0,3.0,-12.113883018493652,-76.97814178466797,2.0,2020.0,Perú,Santiago de Surco,Not found,Lima,51132.0,141960.315,180280.609375
160.0,4.0,6.0,-11.882164001464844,-77.03636932373047,2.0,2020.0,Perú,Not found,Not found,Lima,6.0,161690.0,151876.90625
142.0,3.0,3.0,-8.139054298400879,-79.02950286865234,2.0,2020.0,Perú,Not found,Not found,La Libertad,13008.0,270940.0,107531.96875
113.0,2.0,3.0,-12.063682556152344,-77.10125732421875,2.0,2020.0,Perú,Not found,Not found,Lima,7016.0,126730.0,80431.7734375
192.0,2.0,1.935461568791652e-08,-12.118833541870117,-77.02720642089844,2.0,2020.0,Perú,Miraflores,Not found,Lima,10574.0,397670.0,322018.84375
56.0,1.0,2.0,-16.624961853027344,-72.71163940429688,3.0,2020.0,Perú,Not found,Not found,Arequipa,14043.0,31464.0,57178.546875
53.999996185302734,1.0,0.9999998807907104,-12.109460830688477,-77.03119659423828,1.0,2020.0,Perú,Miraflores,Not found,Lima,34.0,96140.0,89126.3828125
131.0,4.0,5.0,-8.103927612304688,-79.04443359375,1.0,2020.0,Perú,Not found,Not found,La Libertad,13011.0,157320.0,81750.53125
51.0,1.0,0.9999998807907104,-12.04831600189209,-77.04472351074219,1.0,2020.0,Perú,Not found,Not found,Lima,14043.0,55062.0,50592.203125
160.0,4.0,5.0,-11.90615463256836,-77.03263854980469,2.0,2020.0,Perú,Carabayllo,Not found,Lima,1533.0,30590.0,128012.84375
128.0,3.0,4.0,-12.119013786315918,-77.01097106933594,2.0,2020.0,Perú,Surquillo,Not found,Lima,15048.0,332120.0,251580.65625
108.0,2.0,3.0,-11.983407974243164,-77.08253479003906,1.0,2020.0,Perú,Not found,Not found,Lima,15301.0,69046.0,85901.5078125
103.0,3.0,3.0,-12.117670059204102,-77.01634979248047,3.0,2020.0,Perú,Surquillo,Not found,Lima,15048.0,169260.0,221041.59375
80.0,1.0,2.0,-11.928439140319824,-77.04475402832031,2.0,2020.0,Perú,Not found,Not found,Lima,51.0,52440.0,52946.0546875
98.0,3.0,4.0,-13.529669761657715,-71.90011596679688,3.0,2020.0,Perú,Not found,Not found,Cusco,80000.0,109250.0,114968.3046875
59.0,2.0,2.0,-12.009696960449219,-76.90536499023438,2.0,2020.0,Perú,Chosica,Not found,Lima,15487.0,49818.000000000015,50115.2421875
108.0,2.0,2.0,-12.118656158447266,-77.03872680664062,2.0,2020.0,Perú,Miraflores,Not found,Lima,18.0,201020.0,192837.265625
49.999996185302734,1.0,0.9999998807907104,-12.078446388244629,-77.03260040283203,2.0,2020.0,Perú,Lince,Not found,Lima,14.0,49700.595,58904.6171875
41.999996185302734,1.0,2.0,-12.109176635742188,-77.02303314208984,2.0,2020.0,Perú,Surquillo,Not found,Lima,34.0,61180.0,65275.015625
65.0,2.0,3.0,-11.997111320495605,-77.11387634277344,1.0,2020.0,Perú,Not found,Not found,Not found,7046.0,56810.000000000015,62969.6328125
94.0,3.0,3.0,-12.06032657623291,-77.0497055053711,2.0,2020.0,Perú,Breña,Not found,Lima,15083.0,95683.763,97348.03125
119.0,3.0,2.0,-12.11793041229248,-77.04112243652344,1.0,2020.0,Perú,Miraflores,Not found,Lima,15074.0,206569.027,250387.984375
127.0,3.0,3.0,-12.117670059204102,-77.01634979248047,3.0,2020.0,Perú,Surquillo,Not found,Lima,15048.0,172515.0,253231.15625
66.0,3.0,2.0,-12.090277671813965,-77.08268737792969,1.0,2020.0,Perú,Not found,Not found,Lima,32.0,74761.274,99844.671875
112.0,3.0,2.0,-12.126787185668945,-77.03084564208984,2.0,2020.0,Perú,Miraflores,Not found,Lima,15074.0,249264.8,240624.84375
70.0,2.0,5.0,-12.02436637878418,-76.97782135009766,3.0,2020.0,Perú,Not found,Not found,Lima,10.0,69483.0,108600.296875
68.0,2.0,3.0,-12.010920524597168,-77.07057189941406,2.0,2020.0,Perú,Not found,Not found,Lima,15031.0,56810.000000000015,66709.3828125
106.0,2.0,3.0,-8.134710311889648,-79.04735565185547,2.0,2020.0,Perú,Buenos Aires,Not found,La Libertad,13009.0,78660.0,65726.9609375
160.0,2.0,3.0,-12.063936233520508,-77.06950378417969,2.0,2020.0,Perú,Not found,Not found,Lima,15081.0,174800.0,134081.40625
130.0,3.0,3.0,-12.1011962890625,-77.0065689086914,2.0,2020.0,Perú,San Borja,Not found,Lima,41.0,227240.0,211145.96875
116.0,5.0,5.0,-11.900527954101562,-77.0671615600586,2.0,2020.0,Perú,Not found,Not found,Lima,15113.0,104880.0,128358.28125
90.0,2.0,3.0,-12.1347017288208,-77.02291870117188,1.0,2020.0,Perú,Not found,Not found,Lima,15063.0,152950.0,174376.875
120.0,3.0,4.0,-12.071852684020996,-77.07494354248047,3.0,2020.0,Perú,Pueblo Libre,Not found,Lima,15084.0,262200.0,140048.109375
63.0,2.0,2.0,-12.13696002960205,-77.01854705810547,1.0,2020.0,Perú,Barranco,Not found,Lima,15049.0,96140.0,83376.859375
118.0,2.0,3.0,-16.402854919433594,-71.51112365722656,1.0,2020.0,Perú,Mariano Melgar,Not found,Arequipa,4006.0,86526.0,70062.140625
60.0,1.0,0.9999998807907104,-13.523473739624023,-71.95236206054688,2.0,2020.0,Perú,Not found,Not found,Cusco,800.0,80408.0,66138.6953125
78.0,2.0,2.0,-13.028432846069336,-76.48657989501953,2.0,2020.0,Perú,Not found,Not found,Lima,14043.0,122360.0,82231.8671875
175.0,3.0,6.0,-11.990900993347168,-77.07044982910156,2.0,2020.0,Perú,Las Palmeras,Not found,Lima,39.0,314640.0,222628.90625
118.0,3.0,3.0,-12.12022876739502,-77.01595306396484,3.0,2020.0,Perú,Surquillo,Not found,Lima,15048.0,192280.0,240965.0625
240.0,1.0,3.0,-12.199003219604492,-77.00566864013672,2.0,2020.0,Perú,Not found,Not found,Lima,15067.0,148580.0,192084.734375
100.0,1.0,1.935461568791652e-08,-15.835548400878906,-70.03157806396484,2.0,2020.0,Perú,Not found,Not found,Puno,259.0,91770.0,54281.1484375
120.0,4.0,3.0,-11.967755317687988,-77.08104705810547,1.0,2020.0,Perú,Not found,Not found,Lima,15306.0,78660.0,167603.984375
166.0,2.0,2.0,-12.129283905029297,-77.0282211303711,2.0,2020.0,Perú,Miraflores,Not found,Lima,10574.0,361224.2,281857.4375
143.0,1.0,2.0,-11.859046936035156,-77.08695220947266,1.0,2020.0,Perú,Puente Piedra,Not found,Lima,15118.0,43700.0,66150.9140625
103.0,3.0,5.0,-16.375120162963867,-71.55307006835938,3.0,2020.0,Perú,Cayma,Not found,Arequipa,4100.0,192280.0,140906.625
76.0,2.0,3.0,-12.093162536621094,-77.07791900634766,2.0,2020.0,Perú,Magdalena,Not found,Lima,17.0,83030.0,116181.9921875
166.0,4.0,4.0,-12.118450164794922,-76.98200225830078,1.0,2020.0,Perú,Santiago de Surco,Not found,Lima,33.0,279680.0,268877.875
90.0,2.0,3.0,-12.141609191894531,-76.99181365966797,2.0,2020.0,Perú,Santiago de Surco,Not found,Lima,33.0,135470.0,137314.25
126.0,4.0,3.0,-12.12570571899414,-76.99595642089844,2.0,2020.0,Perú,Santiago de Surco,Not found,Lima,15038.0,223059.658,197314.96875
116.0,3.0,3.0,-12.128889083862305,-76.97640991210938,3.0,2020.0,Perú,Santiago de Surco,Not found,Lima,10853.0,161690.0,161889.734375
98.0,2.0,3.0,-12.107866287231445,-76.9796142578125,2.0,2020.0,Perú,Not found,Not found,Lima,51132.0,179170.0,136605.390625
51.0,1.0,3.0,-11.853194236755371,-77.06803131103516,2.0,2020.0,Perú,Not found,Not found,Lima,22.0,39329.999999999985,47315.0625
221.0,4.0,5.0,-12.101764678955078,-76.97460174560547,2.0,2020.0,Perú,Monterrico,Not found,Lima,15023.0,253460.0,336037.96875
123.0,2.0,1.935461568791652e-08,-12.009575843811035,-77.07078552246094,2.0,2020.0,Perú,Not found,Not found,Lima,15302.0,122360.0,102729.8125
126.0,2.0,3.0,-16.388774871826172,-71.54722595214844,2.0,2020.0,Perú,Yanahuara,Not found,Arequipa,4017.0,144210.0,123638.9140625
68.0,1.0,2.0,-12.079316139221191,-77.01873779296875,2.0,2020.0,Perú,La Victoria,Not found,Lima,15034.0,62928.0,73283.015625
92.0,2.0,3.0,-11.966938972473145,-77.05615234375,3.0,2020.0,Perú,La Libertad,Not found,Lima,15328.0,63802.0,103023.15625
66.0,1.0,0.9999998807907104,-12.133785247802734,-77.01898956298828,3.0,2020.0,Perú,Not found,Not found,Lima,15049.0,149454.0,69933.609375
72.0,2.0,3.0,-12.027127265930176,-77.0591812133789,2.0,2020.0,Perú,Not found,Not found,Lima,15101.0,78507.05000000002,59984.1328125
120.0,1.0,0.9999998807907104,-11.839310646057129,-77.04695892333984,2.0,2020.0,Perú,Not found,Not found,Lima,15121.0,18354.0,49458.5390625
77.0,2.0,3.0,-12.111516952514648,-77.0278549194336,3.0,2020.0,Perú,Miraflores,Not found,Lima,34.0,121486.0,131462.0
154.0,3.0,3.0,-12.128461837768555,-76.97013092041016,2.0,2020.0,Perú,Not found,Not found,Lima,10853.0,244462.17,203100.859375
53.999996185302734,2.0,2.0,-12.143670082092285,-77.02190399169922,1.0,2020.0,Perú,Barranco,Not found,Lima,15063.0,121459.24,140381.546875
120.0,2.0,3.0,-12.111873626708984,-76.9358901977539,2.0,2020.0,Perú,Not found,Not found,Lima,15051.0,97888.0,146107.15625
127.0,3.0,2.0,-12.106454849243164,-77.03295135498047,3.0,2020.0,Perú,Miraflores,Not found,Lima,15073.0,305900.0,324659.46875
260.0,3.0,4.0,-12.08307933807373,-76.97753143310547,2.0,2020.0,Perú,Monterrico,Not found,Lima,10051.0,402040.0,354225.75
65.0,2.0,2.0,-12.117670059204102,-77.01634979248047,3.0,2020.0,Perú,Surquillo,Not found,Lima,15048.0,96999.0,147340.171875
71.0,5.0,1.935461568791652e-08,-12.067975997924805,-77.04766845703125,3.0,2020.0,Perú,Breña,Not found,Lima,11.0,111872.0,125588.2421875
139.0,2.0,3.0,-12.100787162780762,-77.02375793457031,2.0,2020.0,Perú,San Isidro,Not found,Lima,15036.0,288420.0,235185.375
39.999996185302734,1.0,0.9999998807907104,-12.165213584899902,-76.979736328125,2.0,2020.0,Perú,Not found,Not found,Lima,29.0,41952.0,46694.671875
100.0,2.0,3.0,-12.006363868713379,-77.05238342285156,2.0,2020.0,Perú,Independencia,Not found,Lima,28.0,74290.0,56880.2578125
90.0,1.0,2.0,-11.948966979980469,-76.984375,2.0,2020.0,Perú,Not found,Not found,Lima,51.0,83030.0,55300.1875
192.0,4.0,4.0,-12.140193939208984,-76.99565887451172,2.0,2020.0,Perú,Santiago de Surco,Not found,Lima,33.0,174800.0,299571.40625
125.0,3.0,2.0,-12.113204002380371,-77.03230285644531,1.0,2020.0,Perú,Miraflores,Not found,Lima,18.0,188376.832,246785.625
68.0,2.0,3.0,-16.399703979492188,-71.53984832763672,3.0,2020.0,Perú,Not found,Not found,Arequipa,54.0,52440.0,72998.828125
90.0,3.0,3.0,-12.100001335144043,-77.06109619140625,2.0,2020.0,Perú,Magdalena,Not found,Lima,15076.0,174800.0,179462.921875
102.0,3.0,3.0,-12.135757446289062,-77.01564025878906,2.0,2020.0,Perú,Not found,Not found,Lima,15049.0,161690.0,149878.796875
98.0,2.0,5.0,-12.085577964782715,-77.06423950195312,2.0,2020.0,Perú,Pueblo Libre,Not found,Lima,21.0,205390.0,122575.1015625
190.0,1.0,0.9999998807907104,-5.187411308288574,-80.66182708740234,1.0,2020.0,Perú,San Martín,Not found,Piura,20009.0,146832.0,74557.484375
75.0,1.0,3.0,-12.078086853027344,-77.05826568603516,3.0,2020.0,Perú,Pueblo Libre,Not found,Lima,21.0,78223.0,87261.4140625
67.0,2.0,3.0,-12.057051658630371,-77.05340576171875,2.0,2020.0,Perú,Breña,Not found,Lima,5.0,58590.0,68550.78125
120.0,2.0,2.0,-12.1332426071167,-77.0253677368164,2.0,2020.0,Perú,Miraflores,Not found,Lima,15074.0,219950.332,226172.375
80.0,2.0,3.0,-11.834729194641113,-77.05370330810547,3.0,2020.0,Perú,Not found,Not found,Lima,14043.0,56810.000000000015,89008.859375
146.0,2.0,3.0,-12.11967658996582,-76.96934509277344,3.0,2020.0,Perú,Not found,Not found,Lima,15023.0,217626.0,212836.03125
100.0,2.0,3.0,-12.169743537902832,-77.02513885498047,3.0,2020.0,Perú,Chorrillos,Not found,Lima,9.0,65550.0,92268.796875
120.0,2.0,3.0,-11.839310646057129,-77.0469970703125,2.0,2020.0,Perú,Not found,Not found,Lima,15121.0,32337.999999999985,56612.5234375
87.0,2.0,3.0,-12.155389785766602,-77.02017974853516,3.0,2020.0,Perú,Not found,Not found,Lima,15042.0,87400.0,118714.4921875
101.0,3.0,3.0,-12.111062049865723,-77.0315933227539,2.0,2020.0,Perú,Miraflores,Not found,Lima,18.0,198398.0,212779.6875
107.0,2.0,3.0,-12.107035636901855,-77.00773620605469,3.0,2020.0,Perú,San Borja,Not found,Lima,41.0,187036.0,154735.0
128.0,3.0,4.0,-16.45716094970703,-71.5181655883789,3.0,2020.0,Perú,Socabaya,Not found,Arequipa,4012.0,100510.0,85715.9296875
95.0,2.0,3.0,-12.059680938720703,-76.94049072265625,2.0,2020.0,Perú,Not found,Not found,Lima,15012.0,108376.0,112272.671875
106.0,2.0,2.0,-12.132461547851562,-77.0209732055664,3.0,2020.0,Perú,Not found,Not found,Lima,15047.0,201020.0,130051.6640625
89.0,4.0,3.0,-12.099886894226074,-76.99546813964844,3.0,2020.0,Perú,San Borja,Not found,Lima,15037.0,144210.0,198121.890625
113.0,3.0,3.0,-12.09870433807373,-77.01122283935547,2.0,2020.0,Perú,San Borja,Not found,Lima,41.0,196650.0,190678.375
114.0,1.0,2.0,-12.064763069152832,-77.0418701171875,1.0,2020.0,Perú,Jesús María,Not found,Lima,15083.0,100510.0,87202.265625
80.0,2.0,3.0,-11.989537239074707,-77.09991455078125,2.0,2020.0,Perú,Barrio Obrero Industrial,Not found,Lima,15301.0,74290.0,58720.6328125
118.0,2.0,3.0,-12.138754844665527,-76.97676849365234,2.0,2020.0,Perú,Santiago de Surco,Not found,Lima,15803.0,157320.0,149920.5625
88.0,2.0,3.0,-12.134177207946777,-77.01296997070312,2.0,2020.0,Perú,Not found,Not found,Lima,15049.0,138529.0,107679.0234375
240.0,4.0,3.0,-8.098917961120605,-79.02745819091797,2.0,2020.0,Perú,Not found,Not found,La Libertad,13001.0,76038.0,323975.96875
84.0,2.0,3.0,-16.411640167236328,-71.5167236328125,3.0,2020.0,Perú,Not found,Not found,Arequipa,4006.0,76912.0,60794.5546875
108.0,4.0,3.0,-11.958100318908691,-76.98662567138672,3.0,2020.0,Perú,Not found,Not found,Lima,1.0,173926.0,137783.9375
156.0,3.0,3.0,-16.40277099609375,-71.55239868164062,2.0,2020.0,Perú,Yanahuara,Not found,Arequipa,4014.0,148580.0,202602.484375
150.0,2.0,1.935461568791652e-08,-12.117794036865234,-77.0439453125,3.0,2020.0,Perú,Not found,Not found,Lima,18.0,310270.0,175926.453125
112.0,2.0,0.9999998807907104,-12.113204002380371,-77.03230285644531,1.0,2020.0,Perú,Miraflores,Not found,Lima,18.0,182732.01100000003,196651.984375
70.0,2.0,0.9999998807907104,-12.098747253417969,-77.03002166748047,2.0,2020.0,Perú,San Isidro,Not found,Lima,27.0,103132.0,158143.15625
135.0,2.0,3.0,-11.86235237121582,-77.05953216552734,2.0,2020.0,Perú,Not found,Not found,Lima,15121.0,56810.000000000015,62326.5234375
126.0,5.0,4.0,-16.373247146606445,-71.55644226074219,1.0,2020.0,Perú,La Libertad,Not found,Arequipa,4100.0,244720.0,134890.75
186.0,3.0,4.0,-12.121859550476074,-77.02054595947266,1.0,2020.0,Perú,Miraflores,Not found,Lima,15047.0,218500.0,310386.0625
135.0,3.0,4.0,-12.110786437988281,-76.97892761230469,2.0,2020.0,Perú,Santiago de Surco,Not found,Lima,51132.0,201020.0,195208.203125
85.0,2.0,3.0,-8.119573593139648,-79.04454803466797,3.0,2020.0,Perú,Not found,Not found,La Libertad,13011.0,57684.0,49258.3046875
72.0,2.0,3.0,-12.114311218261719,-77.00027465820312,2.0,2020.0,Perú,Surquillo,Not found,Lima,41.0,152950.0,101244.234375
100.0,1.0,3.0,-12.10892391204834,-77.02371978759766,1.0,2020.0,Perú,Surquillo,Not found,Lima,34.0,100510.0,96772.984375
165.0,2.0,3.0,-12.141609191894531,-76.99181365966797,2.0,2020.0,Perú,Santiago de Surco,Not found,Lima,33.0,234232.0,230280.875
90.0,3.0,4.0,-11.947525024414062,-76.9801025390625,3.0,2020.0,Perú,Not found,Not found,Lima,51.0,131100.0,95110.9609375
85.0,2.0,2.0,-12.084961891174316,-77.05107879638672,1.0,2020.0,Perú,Jesús María,Not found,Lima,15072.0,152950.0,142311.9375
120.0,2.0,3.0,-12.078462600708008,-76.99911499023438,3.0,2020.0,Perú,San Luis,Not found,Lima,15021.0,124545.0,138010.21875
210.0,4.0,5.0,-5.182631015777588,-80.65569305419922,2.0,2020.0,Perú,Not found,Not found,Piura,20009.0,65550.0,181951.640625
101.0,1.0,3.0,-12.060057640075684,-77.06890869140625,1.0,2020.0,Perú,Not found,Not found,Lima,15081.0,90022.0,77033.59375
70.0,2.0,2.0,-12.082015991210938,-77.10517120361328,2.0,2020.0,Perú,San Miguel,Not found,Lima,18.0,104006.0,74614.546875
122.0,2.0,3.0,-5.228486061096191,-80.63803100585938,2.0,2020.0,Perú,Not found,Not found,Piura,1.0,74290.0,92637.7734375
45.999996185302734,1.0,0.9999998807907104,-12.150323867797852,-77.02206420898438,2.0,2020.0,Perú,Barranco,Not found,Lima,15042.0,113620.0,68400.546875
79.0,2.0,3.0,-12.073555946350098,-77.0827407836914,1.0,2020.0,Perú,San Miguel,Not found,Lima,32.0,122360.0,83897.6484375
86.0,3.0,3.0,-12.026534080505371,-77.05912017822266,2.0,2020.0,Perú,Not found,Not found,Lima,15101.0,82420.822,80974.21875
73.0,2.0,2.0,-12.130600929260254,-77.0200424194336,3.0,2020.0,Perú,Miraflores,Not found,Lima,15047.0,144210.0,152333.796875
67.0,2.0,3.0,-12.086343765258789,-77.08364868164062,2.0,2020.0,Perú,San Miguel,Not found,Lima,32.0,65550.0,79806.7890625
74.0,2.0,3.0,-12.094673156738281,-76.96614837646484,1.0,2020.0,Perú,Monterrico,Not found,Lima,15023.0,138092.0,139848.859375
72.0,2.0,3.0,-12.081941604614258,-77.0981674194336,3.0,2020.0,Perú,San Miguel,Not found,Lima,18.0,88306.338,84162.7578125
130.0,2.0,4.0,-11.857396125793457,-77.04277038574219,2.0,2020.0,Perú,Not found,Not found,Lima,15121.0,33634.999999999985,63188.4375
69.0,2.0,2.0,-12.084599494934082,-77.09513092041016,2.0,2020.0,Perú,San Miguel,Not found,Lima,18.0,65550.0,73828.9140625
107.0,1.0,4.0,-12.100370407104492,-77.01516723632812,2.0,2020.0,Perú,Not found,Not found,Lima,15000.0,135470.0,148717.609375
106.0,2.0,3.0,-12.071322441101074,-76.98100280761719,2.0,2020.0,Perú,San Luis,Not found,Lima,15022.0,122360.0,119149.03125
110.0,2.0,2.0,-12.11934757232666,-77.01534271240234,2.0,2020.0,Perú,Surquillo,Not found,Lima,15048.0,183540.0,205190.078125
145.0,4.0,1.935461568791652e-08,-12.101848602294922,-76.97435760498047,3.0,2020.0,Perú,Monterrico,Not found,Lima,15023.0,222870.0,284229.53125
90.0,2.0,2.0,-12.145358085632324,-77.01312255859375,2.0,2020.0,Perú,Not found,Not found,Lima,15049.0,83030.0,105070.3984375
90.0,1.0,2.0,-12.205025672912598,-76.97178649902344,2.0,2020.0,Perú,Not found,Not found,Lima,15829.0,43700.0,75141.125
159.0,4.0,4.0,-12.184188842773438,-76.9589614868164,1.0,2020.0,Perú,Not found,Not found,Lima,15828.0,124108.0,144159.75
209.0,3.0,6.0,-12.108116149902344,-76.97071075439453,3.0,2020.0,Perú,Monterrico,Not found,Lima,15023.0,371450.0,311091.5625
200.0,3.0,4.0,-12.293492317199707,-76.85696411132812,2.0,2020.0,Perú,Not found,Not found,Lima,15823.0,144210.0,194591.28125
103.0,1.0,4.0,-12.077341079711914,-77.02030181884766,3.0,2020.0,Perú,Not found,Not found,Lima,15034.0,83030.0,116012.1953125
80.0,2.0,3.0,-12.064924240112305,-77.02921295166016,3.0,2020.0,Perú,La Victoria,Not found,Lima,15033.0,59432.0,101475.875
171.0,5.0,6.0,-16.376543045043945,-71.56016540527344,3.0,2020.0,Perú,La Libertad,Not found,Arequipa,4100.0,74290.0,154595.671875
140.0,4.0,4.0,-12.096900939941406,-76.9758071899414,1.0,2020.0,Perú,Monterrico,Not found,Lima,15023.0,265674.15,258088.84375
101.0,2.0,3.0,-12.129151344299316,-77.02342987060547,1.0,2020.0,Perú,Miraflores,Not found,Lima,15047.0,196650.0,189700.0625
69.0,2.0,0.9999998807907104,-12.38591480255127,-76.78318786621094,2.0,2020.0,Perú,Not found,Not found,Lima,15851.0,80905.306,90773.34375
165.0,2.0,4.0,-12.02436637878418,-76.93362426757812,2.0,2020.0,Perú,Not found,Not found,Lima,43.0,113620.0,109251.9453125
109.0,1.0,4.0,-12.013553619384766,-77.0692138671875,2.0,2020.0,Perú,Not found,Not found,Lima,15302.0,62928.0,88294.640625
123.0,3.0,4.0,-12.38493824005127,-76.77046203613281,3.0,2020.0,Perú,Not found,Not found,Lima,15856.0,183540.0,190010.1875
90.0,1.0,2.0,-12.072202682495117,-76.99059295654297,2.0,2020.0,Perú,San Luis,Not found,Lima,3.0,144210.0,86111.765625
100.0,3.0,2.0,-16.410633087158203,-71.55204772949219,3.0,2020.0,Perú,Not found,Not found,Arequipa,4013.0,87400.0,121117.984375
94.0,2.0,3.0,-12.084136962890625,-77.04286193847656,3.0,2020.0,Perú,Jesús María,Not found,Lima,1079.0,135470.0,137329.4375
83.0,2.0,2.0,-12.073122024536133,-77.02556610107422,3.0,2020.0,Perú,La Victoria,Not found,Lima,15106.0,107415.0,67297.15625
96.0,2.0,3.0,-15.836481094360352,-70.03248596191406,2.0,2020.0,Perú,Not found,Not found,Puno,259.0,69920.0,69384.328125
115.0,3.0,3.0,-12.115025520324707,-76.93936157226562,3.0,2020.0,Perú,Not found,Not found,Lima,12.0,109250.0,154083.484375
223.0,3.0,2.0,-12.089807510375977,-76.97227478027344,1.0,2020.0,Perú,Monterrico,Not found,Lima,10051.0,218500.0,342097.40625
140.0,2.0,3.0,-12.362157821655273,-76.79820251464844,2.0,2020.0,Perú,Not found,Not found,Lima,15851.0,69920.0,189626.015625
205.0,3.0,4.0,-6.77015495300293,-79.8592529296875,2.0,2020.0,Perú,Not found,Not found,Lambayeque,140.0,244720.0,203077.5
79.0,2.0,2.0,-12.012999534606934,-76.98384857177734,2.0,2020.0,Perú,Not found,Not found,Lima,15427.0,65550.0,59285.5078125
57.0,1.0,0.9999998807907104,-12.104241371154785,-77.0263442993164,3.0,2020.0,Perú,Not found,Not found,Lima,34.0,95266.0,71114.359375
153.0,3.0,3.0,-12.122061729431152,-77.04006958007812,3.0,2020.0,Perú,Miraflores,Not found,Lima,1509.0,313766.0,301310.8125
81.0,1.0,3.0,-12.16849422454834,-76.99006652832031,3.0,2020.0,Perú,Not found,Not found,Lima,15054.0,97276.2,74025.25
112.0,3.0,2.0,-12.126996994018555,-77.03118133544922,2.0,2020.0,Perú,Miraflores,Not found,Lima,15074.0,249264.8,240632.375
160.0,5.0,6.0,-12.164290428161621,-76.96509552001953,2.0,2020.0,Perú,San Juan de Miraflores,Not found,Lima,29.0,218500.0,207527.359375
90.0,2.0,3.0,-11.959939002990723,-77.07785034179688,2.0,2020.0,Perú,Not found,Not found,Lima,31.0,61180.0,69742.1875
75.0,2.0,3.0,-12.070565223693848,-77.07616424560547,3.0,2020.0,Perú,Not found,Not found,Lima,32.0,103044.6,106136.75
201.0,3.0,3.0,-12.386096954345703,-76.78302001953125,3.0,2020.0,Perú,Not found,Not found,Lima,15851.0,329707.76,313065.65625
200.0,3.0,4.0,-12.15379524230957,-76.96724700927734,2.0,2020.0,Perú,San Juan de Miraflores,Not found,Lima,29.0,141588.0,201755.5625
250.0,3.0,4.0,-12.132002830505371,-77.00439453125,1.0,2020.0,Perú,Not found,Not found,Lima,15038.0,423890.0,330155.375
128.0,3.0,4.0,-16.32798194885254,-71.54441833496094,3.0,2020.0,Perú,Casimiro Cuadros 1,Not found,Arequipa,14043.0,91770.0,122033.421875
98.0,2.0,2.0,-12.104239463806152,-76.93749237060547,1.0,2020.0,Perú,Not found,Not found,Lima,15051.0,114931.0,108550.9765625
98.0,2.0,4.0,-12.029494285583496,-77.02588653564453,3.0,2020.0,Perú,Rímac,Not found,Lima,15025.0,87400.0,73611.0703125
46.999996185302734,2.0,2.0,-12.119175910949707,-77.00596618652344,3.0,2020.0,Perú,Surquillo,Not found,Lima,15038.0,67778.7,90603.53125
83.0,2.0,3.0,-12.090513229370117,-77.07113647460938,2.0,2020.0,Perú,Magdalena,Not found,Lima,17.0,117990.0,123473.8515625
52.0,1.0,2.0,-12.014079093933105,-77.0736312866211,1.0,2020.0,Perú,Not found,Not found,Lima,15031.0,50692.0,49727.9921875
87.0,1.0,0.9999998807907104,-12.158021926879883,-76.97506713867188,2.0,2020.0,Perú,San Juan de Miraflores,Not found,Lima,15801.0,166060.0,56716.640625
163.0,4.0,4.0,-12.364874839782715,-76.79454803466797,3.0,2020.0,Perú,Not found,Not found,Lima,15851.0,85652.0,282025.21875
140.0,4.0,4.0,-12.116118431091309,-76.9806137084961,2.0,2020.0,Perú,Santiago de Surco,Not found,Lima,51132.0,152076.0,211446.6875
71.0,3.0,3.0,-5.228486061096191,-80.63803100585938,2.0,2020.0,Perú,Not found,Not found,Piura,1.0,94392.0,76329.703125
84.0,2.0,0.9999998807907104,-12.138606071472168,-77.02510833740234,2.0,2020.0,Perú,Barranco,Not found,Lima,15063.0,209760.0,177977.359375
75.0,1.0,2.0,-5.187411308288574,-80.66182708740234,1.0,2020.0,Perú,San Martín,Not found,Piura,20009.0,48070.0,46458.140625
114.0,2.0,3.0,-12.122138023376465,-76.99214935302734,2.0,2020.0,Perú,Santiago de Surco,Not found,Lima,33.0,173926.0,164515.984375
126.0,2.0,0.9999998807907104,-16.378984451293945,-71.52208709716797,3.0,2020.0,Perú,Selva Alegre,Not found,Arequipa,40404.0,113620.0,89528.1171875
86.0,2.0,3.0,-12.066937446594238,-77.04737854003906,1.0,2020.0,Perú,Breña,Not found,Lima,11.0,103443.9,108816.5703125
86.0,2.0,3.0,-12.174978256225586,-77.01441192626953,3.0,2020.0,Perú,Chorrillos,Not found,Lima,15064.0,144210.0,97413.4453125
66.0,2.0,2.0,-12.076956748962402,-77.07781982421875,2.0,2020.0,Perú,Pueblo Libre,Not found,Lima,32.0,109250.0,104267.59375
76.0,2.0,3.0,-12.052721977233887,-77.06686401367188,1.0,2020.0,Perú,Not found,Not found,Lima,15081.0,112746.0,76484.6875
49.999996185302734,2.0,2.0,-12.075410842895508,-77.07524108886719,2.0,2020.0,Perú,Not found,Not found,Lima,32.0,71668.0,76314.484375
228.0,5.0,4.0,-12.098411560058594,-76.97425842285156,1.0,2020.0,Perú,Monterrico,Not found,Lima,15023.0,359116.112,347811.4375
111.0,2.0,3.0,-12.0618257522583,-76.93709564208984,1.0,2020.0,Perú,Not found,Not found,Lima,15012.0,127604.0,127524.0078125
200.0,3.0,1.935461568791652e-08,-12.014246940612793,-77.05732727050781,3.0,2020.0,Perú,Not found,Not found,Lima,15028.0,192280.0,177769.546875
75.0,2.0,3.0,-12.056529998779297,-77.04706573486328,3.0,2020.0,Perú,Breña,Not found,Lima,5.0,83030.0,79887.953125
75.0,2.0,3.0,-12.144391059875488,-76.98655700683594,2.0,2020.0,Perú,Not found,Not found,Lima,33.0,75950.0,112807.734375
86.0,2.0,3.0,-12.113707542419434,-77.04651641845703,2.0,2020.0,Perú,Miraflores,Not found,Lima,18.0,91770.0,165677.75
163.0,1.0,2.0,-16.384475708007812,-71.55097198486328,2.0,2020.0,Perú,Cayma,Not found,Arequipa,4100.0,171206.112,135153.890625
64.0,2.0,2.0,-12.119175910949707,-77.00596618652344,3.0,2020.0,Perú,Surquillo,Not found,Lima,15038.0,94704.89199999999,101998.921875
110.0,2.0,3.0,-18.025344848632812,-70.24311065673828,1.0,2020.0,Perú,Jesús María,Not found,Tacna,23000.0,55062.0,136464.34375
180.0,2.0,3.0,-16.395023345947266,-71.55696105957031,2.0,2020.0,Perú,Not found,Not found,Arequipa,4014.0,106628.0,159483.65625
57.0,1.0,2.0,-12.067971229553223,-77.04767608642578,2.0,2020.0,Perú,Breña,Not found,Lima,11.0,73416.0,81699.2890625
124.0,3.0,3.0,-12.125947952270508,-77.03096771240234,2.0,2020.0,Perú,Miraflores,Not found,Lima,15074.0,276446.2,252335.59375
97.0,2.0,3.0,-8.102267265319824,-79.04888916015625,1.0,2020.0,Perú,Not found,Not found,La Libertad,13011.0,74290.0,48208.7109375
63.0,1.0,3.0,-11.916084289550781,-77.07936096191406,3.0,2020.0,Perú,Not found,Not found,Lima,15113.0,33201.0,47250.7265625
111.0,2.0,3.0,-12.061598777770996,-76.9371337890625,1.0,2020.0,Perú,Not found,Not found,Lima,15012.0,127604.0,127520.3828125
37.000003814697266,1.0,0.9999998807907104,-12.07474136352539,-77.07875061035156,3.0,2020.0,Perú,Not found,Not found,Lima,32.0,49910.0,59756.8515625
161.0,3.0,6.0,-12.099166870117188,-77.06031799316406,1.0,2020.0,Perú,Magdalena,Not found,Lima,15076.0,287546.0,242772.890625
220.0,4.0,4.0,-12.095932960510254,-77.03258514404297,1.0,2020.0,Perú,San Isidro,Not found,Lima,27.0,319010.0,353136.875
105.0,3.0,3.0,-12.026955604553223,-77.04003143310547,2.0,2020.0,Perú,Rímac,Not found,Lima,25.0,141588.0,87147.9453125
137.0,2.0,3.0,-12.145734786987305,-77.02286529541016,1.0,2020.0,Perú,Barranco,Not found,Lima,4.0,301530.0,86976.5859375
90.0,2.0,3.0,-12.083845138549805,-77.07942199707031,2.0,2020.0,Perú,Not found,Not found,Lima,32.0,104006.0,111239.9921875
91.0,2.0,3.0,-12.163361549377441,-76.9864501953125,2.0,2020.0,Perú,Not found,Not found,Lima,15054.0,122360.0,88522.4453125
120.0,3.0,3.0,-12.130440711975098,-77.02213287353516,1.0,2020.0,Perú,Miraflores,Not found,Lima,15047.0,214130.0,238288.1875
128.0,1.0,4.0,-12.012773513793945,-77.00725555419922,1.0,2020.0,Perú,San Juan de Lurigancho,Not found,Lima,36.0,94392.0,67411.5234375
69.0,2.0,3.0,-12.068891525268555,-77.05323028564453,3.0,2020.0,Perú,Pueblo Libre,Not found,Lima,11.0,99636.0,113047.6015625
100.0,3.0,3.0,-16.381725311279297,-71.54850006103516,2.0,2020.0,Perú,Cayma,Not found,Arequipa,4100.0,227240.0,133386.609375
44.000003814697266,1.0,0.9999998807907104,-12.143670082092285,-77.02190399169922,1.0,2020.0,Perú,Barranco,Not found,Lima,15063.0,99346.94,99002.875
67.0,2.0,3.0,-12.060620307922363,-77.04927825927734,2.0,2020.0,Perú,Breña,Not found,Lima,15083.0,67113.977,66562.109375
146.0,4.0,3.0,-12.081191062927246,-77.0693588256836,2.0,2020.0,Perú,Pueblo Libre,Not found,Lima,15084.0,187695.87,175196.0
160.0,4.0,4.0,-12.184167861938477,-76.9589614868164,1.0,2020.0,Perú,Not found,Not found,Lima,15828.0,124108.0,145253.96875
72.0,2.0,2.0,-12.077640533447266,-77.07017517089844,1.0,2020.0,Perú,Pueblo Libre,Not found,Lima,15084.0,86604.70000000001,97088.9296875
165.0,2.0,4.0,-12.024345397949219,-76.93362426757812,2.0,2020.0,Perú,Not found,Not found,Lima,43.0,113620.0,109251.65625
87.0,2.0,3.0,-8.097344398498535,-79.03230285644531,3.0,2020.0,Perú,Not found,Not found,La Libertad,13001.0,75164.0,66550.171875
100.0,4.0,3.0,-16.366790771484375,-71.55763244628906,2.0,2020.0,Perú,La Libertad,Not found,Arequipa,4100.0,214130.0,119493.75
130.0,3.0,3.0,-12.09870433807373,-77.01122283935547,2.0,2020.0,Perú,San Borja,Not found,Lima,41.0,223744.0,211165.9375
80.0,2.0,3.0,-12.081720352172852,-77.10529327392578,3.0,2020.0,Perú,San Miguel,Not found,Lima,18.0,104006.0,92039.2734375
71.0,1.0,3.0,-12.170653343200684,-77.00011444091797,2.0,2020.0,Perú,Not found,Not found,Lima,15054.0,69920.0,63023.15625
84.0,2.0,2.0,-12.14062213897705,-76.99234771728516,2.0,2020.0,Perú,Santiago de Surco,Not found,Lima,33.0,148580.0,124432.484375
78.0,2.0,3.0,-11.962084770202637,-77.07180786132812,3.0,2020.0,Perú,Not found,Not found,Lima,39.0,72105.0,67122.34375
90.0,1.0,3.0,-18.02509880065918,-70.24372100830078,1.0,2020.0,Perú,Jesús María,Not found,Tacna,23000.0,49818.000000000015,118625.7578125
150.0,3.0,5.0,-12.173431396484375,-76.96733856201172,2.0,2020.0,Perú,San Juan de Miraflores,Not found,Lima,29.0,78660.0,117736.03125
90.0,2.0,4.0,-15.837512969970703,-70.02955627441406,2.0,2020.0,Perú,Laykakota,Not found,Puno,159.0,113620.0,59808.796875
96.0,2.0,3.0,-16.410293579101562,-71.52999877929688,2.0,2020.0,Perú,Not found,Not found,Arequipa,4002.0,74290.0,77086.1640625
60.999996185302734,2.0,2.0,-12.130556106567383,-77.00682830810547,2.0,2020.0,Perú,Not found,Not found,Lima,15038.0,118339.6,90520.7734375
